"row","CHROMOSOME","DATA_START","DATA_END","Peaks","name","X","DATA_INDEX","Peaks.1","FEATURE_TRACK","FEATURE_STRAND","FEATURE_START","FEATURE_END","SHORTEST_DISTANCE_FROM_FEATURE_TO_DATA_POINT","CENTER_TO_CENTER_DISTANCE_FROM_FEATURE_TO_DATA_POINT","ncbi_gene_id","Region","color","OTHER","description","accession","synonyms","pathway","pathwayGene"
"1","chr17",41281798,41282243,2.3366,"BRCA1",28649,10790,2.3366,"transcription_start_site","-",41277340,41277340,-4458,-4684,672,"chr17:41277340-41277340",9900,"http://genome.ucsc.edu/cgi-bin/hgTracks?hgsid=149178979&clade=mammal&org=Human&db=hg19&position=chr17:41277340-41277340&pix=800&Submit=submit,BRCC1,RNF53,BROVCA1,IRIS,PSCP","breast cancer 1, early onset","NR_027676","BRCAI","Cell_Cycle","BRCA1-Cell_Cycle"
"2","chr16",2477022,2477593,3.2614,"CCNF",25726,9729,3.2614,"transcription_start_site","+",2479394,2479394,-1801,-2086,899,"chr16:2479394-2479394",9900,"FBXO1,http://genome.ucsc.edu/cgi-bin/hgTracks?hgsid=149178979&clade=mammal&org=Human&db=hg19&position=chr16:2479394-2479394&pix=800&Submit=submit","cyclin F","NM_001761","FBX1","Cell_Cycle","CCNF-Cell_Cycle"
"3","chr11",67154971,67155430,3.2377,"RAD9A",19584,7500,3.2377,"transcription_start_site","+",67159422,67159422,-3992,-4224,5883,"chr11:67159422-67159422",9900,"http://genome.ucsc.edu/cgi-bin/hgTracks?hgsid=149178979&clade=mammal&org=Human&db=hg19&position=chr11:67159422-67159422&pix=800&Submit=submit","RAD9 homolog A (S. pombe)","NM_004584","RAD9","Cell_Cycle","RAD9A-Cell_Cycle"
"4","chr17",7579687,7580262,2.7607,"TP53",27779,10468,2.7607,"transcription_start_site","-",7578811,7578811,-876,-1163,7157,"chr17:7578811-7578811",9900,"TRP53,p53,LFS1,http://genome.ucsc.edu/cgi-bin/hgTracks?hgsid=149178979&clade=mammal&org=Human&db=hg19&position=chr17:7578811-7578811&pix=800&Submit=submit","tumor protein p53","NM_001126117","FLJ92943","Cell_Cycle","TP53-Cell_Cycle"
"5","chr12",85672821,85673676,3.2102,"ALX1",21825,8307,3.2102,"transcription_start_site","+",85674033,85674033,-357,-784,8092,"chr12:85674033-85674033",9900,"http://genome.ucsc.edu/cgi-bin/hgTracks?hgsid=149178979&clade=mammal&org=Human&db=hg19&position=chr12:85674033-85674033&pix=800&Submit=submit","ALX homeobox 1","BC010923","CART1","Complete_Homeobox_(HOX)_Genes","ALX1-Complete_Homeobox_(HOX)_Genes"
"6","chr11",44333088,44334137,4.3968,"ALX4",18858,7251,4.3968,"transcription_start_site","-",44331614,44331614,-1474,-1996,60529,"chr11:44331614-44331614",9900,"http://genome.ucsc.edu/cgi-bin/hgTracks?hgsid=149178979&clade=mammal&org=Human&db=hg19&position=chr11:44331614-44331614&pix=800&Submit=submit","ALX homeobox 4","BC166622","KIAA1788","Complete_Homeobox_(HOX)_Genes","ALX4-Complete_Homeobox_(HOX)_Genes"
"7","chr13",28547367,28548029,3.8356,"CDX2",22575,8583,3.8356,"transcription_start_site","-",28543317,28543317,-4050,-4382,1045,"chr13:28543317-28543317",9900,"http://genome.ucsc.edu/cgi-bin/hgTracks?hgsid=149178979&clade=mammal&org=Human&db=hg19&position=chr13:28543317-28543317&pix=800&Submit=submit,CDX3","caudal type homeobox 2","NM_001265","CDX-3","Complete_Homeobox_(HOX)_Genes","CDX2-Complete_Homeobox_(HOX)_Genes"
"8","chr2",172947815,172948582,2.3986,"DLX1",4822,1809,2.3986,"transcription_start_site","+",172950207,172950207,-1625,-2016,1745,"chr2:172950207-172950207",9900,"http://genome.ucsc.edu/cgi-bin/hgTracks?hgsid=149178979&clade=mammal&org=Human&db=hg19&position=chr2:172950207-172950207&pix=800&Submit=submit","distal-less homeobox 1","NM_001038493","-","Complete_Homeobox_(HOX)_Genes","DLX1-Complete_Homeobox_(HOX)_Genes"
"9","chr7",96651139,96653229,3.4821,"DLX5",13474,5133,3.4821,"transcription_start_site","-",96654129,96654129,900,1944,1749,"chr7:96654129-96654129",9900,"http://genome.ucsc.edu/cgi-bin/hgTracks?hgsid=149178979&clade=mammal&org=Human&db=hg19&position=chr7:96654129-96654129&pix=800&Submit=submit","distal-less homeobox 5","BC006226","-","Complete_Homeobox_(HOX)_Genes","DLX5-Complete_Homeobox_(HOX)_Genes"
"10","chr7",96631915,96632777,3.9973,"DLX6",13460,5129,3.9973,"transcription_start_site","+",96635289,96635289,-2512,-2944,1750,"chr7:96635289-96635289",9900,"MGC125285,MGC125283,http://genome.ucsc.edu/cgi-bin/hgTracks?hgsid=149178979&clade=mammal&org=Human&db=hg19&position=chr7:96635289-96635289&pix=800&Submit=submit,MGC125284","distal-less homeobox 6","NM_005222","MGC125282","Complete_Homeobox_(HOX)_Genes","DLX6-Complete_Homeobox_(HOX)_Genes"
"11","chr2",73142378,73142903,2.8903,"EMX1",3962,1494,2.8903,"transcription_start_site","+",73144603,73144603,-1700,-1960,2016,"chr2:73144603-73144603",9900,"http://genome.ucsc.edu/cgi-bin/hgTracks?hgsid=149178979&clade=mammal&org=Human&db=hg19&position=chr2:73144603-73144603&pix=800&Submit=submit","empty spiracles homeobox 1","NM_004097","-","Complete_Homeobox_(HOX)_Genes","EMX1-Complete_Homeobox_(HOX)_Genes"
"12","chr2",119606539,119607397,3.435,"EN1",4494,1672,3.435,"transcription_start_site","-",119605759,119605759,-780,-1208,2019,"chr2:119605759-119605759",9900,"http://genome.ucsc.edu/cgi-bin/hgTracks?hgsid=149178979&clade=mammal&org=Human&db=hg19&position=chr2:119605759-119605759&pix=800&Submit=submit","engrailed homeobox 1","NM_001426","-","Complete_Homeobox_(HOX)_Genes","EN1-Complete_Homeobox_(HOX)_Genes"
"13","chr7",27227674,27228345,2.8784,"HOXA11",12890,4909,2.8784,"transcription_start_site","-",27224835,27224835,-2839,-3172,3207,"chr7:27224835-27224835",9900,"http://genome.ucsc.edu/cgi-bin/hgTracks?hgsid=149178979&clade=mammal&org=Human&db=hg19&position=chr7:27224835-27224835&pix=800&Submit=submit,HOX1I","homeobox A11","NM_005523","HOX1","Complete_Homeobox_(HOX)_Genes","HOXA11-Complete_Homeobox_(HOX)_Genes"
"14","chr7",27240225,27241167,4.1424,"HOXA13",12892,4910,4.1424,"transcription_start_site","-",27239725,27239725,-500,-972,3209,"chr7:27239725-27239725",9900,"HOX1J,http://genome.ucsc.edu/cgi-bin/hgTracks?hgsid=149178979&clade=mammal&org=Human&db=hg19&position=chr7:27239725-27239725&pix=800&Submit=submit","homeobox A13","NM_000522","HOX1","Complete_Homeobox_(HOX)_Genes","HOXA13-Complete_Homeobox_(HOX)_Genes"
"15","chr7",27141073,27141342,2.6808,"HOXA2",12853,4895,2.6808,"transcription_start_site","-",27142148,27142148,806,940,3199,"chr7:27142148-27142148",9900,"http://genome.ucsc.edu/cgi-bin/hgTracks?hgsid=149178979&clade=mammal&org=Human&db=hg19&position=chr7:27142148-27142148&pix=800&Submit=submit","homeobox A2","BC130571","HOX1K","Complete_Homeobox_(HOX)_Genes","HOXA2-Complete_Homeobox_(HOX)_Genes"
"16","chr7",27171066,27171623,2.8625,"HOXA4",12862,4898,2.8625,"transcription_start_site","-",27170352,27170352,-714,-992,3201,"chr7:27170352-27170352",9900,"http://genome.ucsc.edu/cgi-bin/hgTracks?hgsid=149178979&clade=mammal&org=Human&db=hg19&position=chr7:27170352-27170352&pix=800&Submit=submit,HOX1D","homeobox A4","BC160036","HOX1","Complete_Homeobox_(HOX)_Genes","HOXA4-Complete_Homeobox_(HOX)_Genes"
"17","chr7",27181079,27182123,2.5843,"HOXA5",12864,4899,2.5843,"transcription_start_site","-",27183274,27183274,1151,1672,3202,"chr7:27183274-27183274",9900,"HOX1.3,MGC9376,http://genome.ucsc.edu/cgi-bin/hgTracks?hgsid=149178979&clade=mammal&org=Human&db=hg19&position=chr7:27183274-27183274&pix=800&Submit=submit,HOX1C","homeobox A5","BC013682","HOX1","Complete_Homeobox_(HOX)_Genes","HOXA5-Complete_Homeobox_(HOX)_Genes"
"18","chr7",27193125,27194889,2.6057,"HOXA7",12872,4902,2.6057,"transcription_start_site","-",27196164,27196164,1275,2158,3204,"chr7:27196164-27196164",9900,"HOX1.1,http://genome.ucsc.edu/cgi-bin/hgTracks?hgsid=149178979&clade=mammal&org=Human&db=hg19&position=chr7:27196164-27196164&pix=800&Submit=submit,HOX1,HOX1A","homeobox A7","BC148692","ANTP","Complete_Homeobox_(HOX)_Genes","HOXA7-Complete_Homeobox_(HOX)_Genes"
"19","chr7",27203055,27204207,2.7512,"HOXA9",12876,4904,2.7512,"transcription_start_site","-",27205129,27205129,922,1496,3205,"chr7:27205129-27205129",9900,"MGC1934,HOX1,HOX1G,HOX1.7,http://genome.ucsc.edu/cgi-bin/hgTracks?hgsid=149178979&clade=mammal&org=Human&db=hg19&position=chr7:27205129-27205129&pix=800&Submit=submit","homeobox A9","BC006537","ABD-B","Complete_Homeobox_(HOX)_Genes","HOXA9-Complete_Homeobox_(HOX)_Genes"
"20","chr17",46621998,46622550,2.9403,"HOXB2",28867,10870,2.9403,"transcription_start_site","-",46622293,46622293,0,16,3212,"chr17:46622293-46622293",9900,"http://genome.ucsc.edu/cgi-bin/hgTracks?hgsid=149178979&clade=mammal&org=Human&db=hg19&position=chr17:46622293-46622293&pix=800&Submit=submit,K8,Hox-2.8,HOX2H","homeobox B2","BC074805","HOX2","Complete_Homeobox_(HOX)_Genes","HOXB2-Complete_Homeobox_(HOX)_Genes"
"21","chr17",46628852,46629009,2.3013,"HOXB3",28873,10872,2.3013,"transcription_start_site","-",46629836,46629836,827,908,3213,"chr17:46629836-46629836",9900,"Hox-2.7,http://genome.ucsc.edu/cgi-bin/hgTracks?hgsid=149178979&clade=mammal&org=Human&db=hg19&position=chr17:46629836-46629836&pix=800&Submit=submit,HOX2G","homeobox B3","BC172550","HOX2","Complete_Homeobox_(HOX)_Genes","HOXB3-Complete_Homeobox_(HOX)_Genes"
"22","chr17",46656435,46656785,2.3274,"HOXB4",28876,10874,2.3274,"transcription_start_site","-",46655743,46655743,-692,-864,3214,"chr17:46655743-46655743",9900,"HOX2,HOX2F,http://genome.ucsc.edu/cgi-bin/hgTracks?hgsid=149178979&clade=mammal&org=Human&db=hg19&position=chr17:46655743-46655743&pix=800&Submit=submit","homeobox B4","NM_024015","HOX-2.6","Complete_Homeobox_(HOX)_Genes","HOXB4-Complete_Homeobox_(HOX)_Genes"
"23","chr17",46683497,46685459,3.1834,"HOXB6",28885,10878,3.1834,"transcription_start_site","-",46682334,46682334,-1163,-2144,3216,"chr17:46682334-46682334",9900,"http://genome.ucsc.edu/cgi-bin/hgTracks?hgsid=149178979&clade=mammal&org=Human&db=hg19&position=chr17:46682334-46682334&pix=800&Submit=submit,HU-2,Hox-2.2,HOX2B","homeobox B6","NM_018952","HOX2","Complete_Homeobox_(HOX)_Genes","HOXB6-Complete_Homeobox_(HOX)_Genes"
"24","chr17",46693031,46693460,2.8982,"HOXB7",28887,10879,2.8982,"transcription_start_site","-",46688330,46688330,-4701,-4920,3217,"chr17:46688330-46688330",9900,"http://genome.ucsc.edu/cgi-bin/hgTracks?hgsid=149178979&clade=mammal&org=Human&db=hg19&position=chr17:46688330-46688330&pix=800&Submit=submit,Hox-2.3,HOX2,HOX2C","homeobox B7","BC015345","HHO.C1","Complete_Homeobox_(HOX)_Genes","HOXB7-Complete_Homeobox_(HOX)_Genes"
"25","chr17",46693031,46693460,2.8982,"HOXB8",28889,10879,2.8982,"transcription_start_site","-",46692301,46692301,-730,-948,3218,"chr17:46692301-46692301",9900,"Hox-2.4,http://genome.ucsc.edu/cgi-bin/hgTracks?hgsid=149178979&clade=mammal&org=Human&db=hg19&position=chr17:46692301-46692301&pix=800&Submit=submit,HOX2D","homeobox B8","NM_024016","HOX2","Complete_Homeobox_(HOX)_Genes","HOXB8-Complete_Homeobox_(HOX)_Genes"
"26","chr12",54376609,54377946,4.314,"HOXC10",21507,8201,4.314,"transcription_start_site","+",54378945,54378945,-999,-1668,3226,"chr12:54378945-54378945",9900,"http://genome.ucsc.edu/cgi-bin/hgTracks?hgsid=149178979&clade=mammal&org=Human&db=hg19&position=chr12:54378945-54378945&pix=800&Submit=submit,MGC5259","homeobox C10","NM_017409","HOX3I","Complete_Homeobox_(HOX)_Genes","HOXC10-Complete_Homeobox_(HOX)_Genes"
"27","chr12",54361914,54362467,2.6828,"HOXC11",21504,8200,2.6828,"transcription_start_site","+",54366909,54366909,-4442,-4716,3227,"chr12:54366909-54366909",9900,"MGC4906,http://genome.ucsc.edu/cgi-bin/hgTracks?hgsid=149178979&clade=mammal&org=Human&db=hg19&position=chr12:54366909-54366909&pix=800&Submit=submit","homeobox C11","NM_014212","HOX3H","Complete_Homeobox_(HOX)_Genes","HOXC11-Complete_Homeobox_(HOX)_Genes"
"28","chr12",54347962,54348590,2.8869,"HOXC12",21500,8198,2.8869,"transcription_start_site","+",54348713,54348713,-123,-436,3228,"chr12:54348713-54348713",9900,"HOX3,http://genome.ucsc.edu/cgi-bin/hgTracks?hgsid=149178979&clade=mammal&org=Human&db=hg19&position=chr12:54348713-54348713&pix=800&Submit=submit,HOX3F","homeobox C12","NM_173860","HOC3F","Complete_Homeobox_(HOX)_Genes","HOXC12-Complete_Homeobox_(HOX)_Genes"
"29","chr12",54329210,54330960,3.0148,"HOXC13",21496,8196,3.0148,"transcription_start_site","+",54332575,54332575,-1615,-2492,3229,"chr12:54332575-54332575",9900,"http://genome.ucsc.edu/cgi-bin/hgTracks?hgsid=149178979&clade=mammal&org=Human&db=hg19&position=chr12:54332575-54332575&pix=800&Submit=submit,HOX3G","homeobox C13","NM_017410","HOX3","Complete_Homeobox_(HOX)_Genes","HOXC13-Complete_Homeobox_(HOX)_Genes"
"30","chr2",177054382,177055342,1.9016,"HOXD1",4914,1843,1.9016,"transcription_start_site","+",177053306,177053306,1076,1552,3231,"chr2:177053306-177053306",9900,"HOX4G,http://genome.ucsc.edu/cgi-bin/hgTracks?hgsid=149178979&clade=mammal&org=Human&db=hg19&position=chr2:177053306-177053306&pix=800&Submit=submit,Hox-4.7","homeobox D1","NM_024501","HOX4","Complete_Homeobox_(HOX)_Genes","HOXD1-Complete_Homeobox_(HOX)_Genes"
"31","chr2",176976882,176977011,2.5987,"HOXD10",4891,1835,2.5987,"transcription_start_site","+",176981491,176981491,-4480,-4544,3236,"chr2:176981491-176981491",9900,"http://genome.ucsc.edu/cgi-bin/hgTracks?hgsid=149178979&clade=mammal&org=Human&db=hg19&position=chr2:176981491-176981491&pix=800&Submit=submit,HOX4D,HOX4E,Hox-4.4","homeobox D10","NM_002148","HOX4","Complete_Homeobox_(HOX)_Genes","HOXD10-Complete_Homeobox_(HOX)_Genes"
"32","chr2",176967323,176967662,2.9455,"HOXD11",4887,1833,2.9455,"transcription_start_site","+",176972081,176972081,-4419,-4592,3237,"chr2:176972081-176972081",9900,"http://genome.ucsc.edu/cgi-bin/hgTracks?hgsid=149178979&clade=mammal&org=Human&db=hg19&position=chr2:176972081-176972081&pix=800&Submit=submit,HOX4F","homeobox D11","BC160135","HOX4","Complete_Homeobox_(HOX)_Genes","HOXD11-Complete_Homeobox_(HOX)_Genes"
"33","chr2",176958737,176959584,3.3713,"HOXD12",4884,1832,3.3713,"transcription_start_site","+",176964529,176964529,-4945,-5360,3238,"chr2:176964529-176964529",9900,"http://genome.ucsc.edu/cgi-bin/hgTracks?hgsid=149178979&clade=mammal&org=Human&db=hg19&position=chr2:176964529-176964529&pix=800&Submit=submit","homeobox D12","NM_021193","HOX4H","Complete_Homeobox_(HOX)_Genes","HOXD12-Complete_Homeobox_(HOX)_Genes"
"34","chr2",177026029,177026185,2.2872,"HOXD3",4907,1840,2.2872,"transcription_start_site","+",177028804,177028804,-2619,-2688,3232,"chr2:177028804-177028804",9900,"http://genome.ucsc.edu/cgi-bin/hgTracks?hgsid=149178979&clade=mammal&org=Human&db=hg19&position=chr2:177028804-177028804&pix=800&Submit=submit,HOX4,HOX4A,MGC10470,Hox-4.1","homeobox D3","NM_006898","HOX1D","Complete_Homeobox_(HOX)_Genes","HOXD3-Complete_Homeobox_(HOX)_Genes"
"35","chr2",176981312,176982743,3.3199,"HOXD9",4897,1836,3.3199,"transcription_start_site","+",176987412,176987412,-4669,-5392,3235,"chr2:176987412-176987412",9900,"HOX4C,Hox-5.2,Hox-4.3,http://genome.ucsc.edu/cgi-bin/hgTracks?hgsid=149178979&clade=mammal&org=Human&db=hg19&position=chr2:176987412-176987412&pix=800&Submit=submit","homeobox D9","NM_014213","HOX4","Complete_Homeobox_(HOX)_Genes","HOXD9-Complete_Homeobox_(HOX)_Genes"
"36","chr5",50673264,50674143,3.638,"ISL1",9248,3563,3.638,"transcription_start_site","+",50678957,50678957,-4814,-5252,3670,"chr5:50678957-50678957",9900,"Isl-1,http://genome.ucsc.edu/cgi-bin/hgTracks?hgsid=149178979&clade=mammal&org=Human&db=hg19&position=chr5:50678957-50678957&pix=800&Submit=submit","ISL LIM homeobox 1","NM_002202","ISLET1","Complete_Homeobox_(HOX)_Genes","ISL1-Complete_Homeobox_(HOX)_Genes"
"37","chr10",102987425,102987874,2.8596,"LBX1",17821,6863,2.8596,"transcription_start_site","-",102988689,102988689,815,1040,10660,"chr10:102988689-102988689",9900,"http://genome.ucsc.edu/cgi-bin/hgTracks?hgsid=149178979&clade=mammal&org=Human&db=hg19&position=chr10:102988689-102988689&pix=800&Submit=submit,HPX6,homeobox,LBX1H","ladybird homeobox 1","BC136321","HPX-6","Complete_Homeobox_(HOX)_Genes","LBX1-Complete_Homeobox_(HOX)_Genes"
"38","chr2",74728802,74729349,2.778,"LBX2",4035,1516,2.778,"transcription_start_site","-",74726669,74726669,-2133,-2400,85474,"chr2:74726669-74726669",9900,"http://genome.ucsc.edu/cgi-bin/hgTracks?hgsid=149178979&clade=mammal&org=Human&db=hg19&position=chr2:74726669-74726669&pix=800&Submit=submit","ladybird homeobox 2","BC150517","LP3727","Complete_Homeobox_(HOX)_Genes","LBX2-Complete_Homeobox_(HOX)_Genes"
"39","chr1",226412044,226413176,3.3581,"MIXL1",3019,1129,3.3581,"transcription_start_site","+",226411318,226411318,726,1296,83881,"chr1:226411318-226411318",9900,"MIXL,http://genome.ucsc.edu/cgi-bin/hgTracks?hgsid=149178979&clade=mammal&org=Human&db=hg19&position=chr1:226411318-226411318&pix=800&Submit=submit,MIX,MILD1","Mix1 homeobox-like 1 (Xenopus laevis)","BC113441","MGC138179","Complete_Homeobox_(HOX)_Genes","MIXL1-Complete_Homeobox_(HOX)_Genes"
"40","chr5",174146316,174146773,3.3743,"MSX2",10486,3977,3.3743,"transcription_start_site","+",174151574,174151574,-4801,-5024,4488,"chr5:174151574-174151574",9900,"HOX8,MSH,PFM1,FPP,http://genome.ucsc.edu/cgi-bin/hgTracks?hgsid=149178979&clade=mammal&org=Human&db=hg19&position=chr5:174151574-174151574&pix=800&Submit=submit,PFM","msh homeobox 2","NM_002449","CRS2","Complete_Homeobox_(HOX)_Genes","MSX2-Complete_Homeobox_(HOX)_Genes"
"41","chr11",71954019,71954644,3.2455,"PHOX2A",19744,7556,3.2455,"transcription_start_site","-",71955202,71955202,558,872,401,"chr11:71955202-71955202",9900,"NCAM2,FEOM2,CFEOM2,http://genome.ucsc.edu/cgi-bin/hgTracks?hgsid=149178979&clade=mammal&org=Human&db=hg19&position=chr11:71955202-71955202&pix=800&Submit=submit,PMX2A,MGC52227","paired-like homeobox 2a","BC041564","ARIX","Complete_Homeobox_(HOX)_Genes","PHOX2A-Complete_Homeobox_(HOX)_Genes"
"42","chr4",41748707,41753307,4.1493,"PHOX2B",8045,3078,4.1493,"transcription_start_site","-",41750723,41750723,0,-284,8929,"chr4:41750723-41750723",9900,"NBPhox,http://genome.ucsc.edu/cgi-bin/hgTracks?hgsid=149178979&clade=mammal&org=Human&db=hg19&position=chr4:41750723-41750723&pix=800&Submit=submit,PMX2B","paired-like homeobox 2b","BC017199","NBLST2","Complete_Homeobox_(HOX)_Genes","PHOX2B-Complete_Homeobox_(HOX)_Genes"
"43","chr10",104004118,104004581,2.3629,"PITX3",17855,6873,2.3629,"transcription_start_site","-",104001230,104001230,-2888,-3120,5309,"chr10:104001230-104001230",9900,"MGC12766,PTX3,http://genome.ucsc.edu/cgi-bin/hgTracks?hgsid=149178979&clade=mammal&org=Human&db=hg19&position=chr10:104001230-104001230&pix=800&Submit=submit","paired-like homeodomain 3","BC011642","CTPP4","Complete_Homeobox_(HOX)_Genes","PITX3-Complete_Homeobox_(HOX)_Genes"
"44","chr3",187467566,187468196,2.5858,"BCL6",7472,2839,2.5858,"transcription_start_site","-",187463228,187463228,-4338,-4640,604,"chr3:187463228-187463228",9900,"LAZ3,BCL6A,ZNF51,http://genome.ucsc.edu/cgi-bin/hgTracks?hgsid=149178979&clade=mammal&org=Human&db=hg19&position=chr3:187463228-187463228&pix=800&Submit=submit,ZBTB27","B-cell CLL/lymphoma 6","BC142705","BCL5","Complete_Human_Inflammatory_Response_&_Autoimmunity","BCL6-Complete_Human_Inflammatory_Response_&_Autoimmunity"
"45","chr15",73972174,73972625,2.2505,"CD276",25074,9498,2.2505,"transcription_start_site","+",73976621,73976621,-3996,-4224,80381,"chr15:73976621-73976621",9900,"B7H3,http://genome.ucsc.edu/cgi-bin/hgTracks?hgsid=149178979&clade=mammal&org=Human&db=hg19&position=chr15:73976621-73976621&pix=800&Submit=submit","CD276 molecule","NM_025240","B7-H3","Complete_Human_Inflammatory_Response_&_Autoimmunity","CD276-Complete_Human_Inflammatory_Response_&_Autoimmunity"
"46","chr4",74865050,74865207,2.2726,"CXCL5",8240,3159,2.2726,"transcription_start_site","-",74864397,74864397,-653,-728,6374,"chr4:74864397-74864397",9900,"http://genome.ucsc.edu/cgi-bin/hgTracks?hgsid=149178979&clade=mammal&org=Human&db=hg19&position=chr4:74864397-74864397&pix=800&Submit=submit,SCYB5","chemokine (C-X-C motif) ligand 5","BC008376","ENA-78","Complete_Human_Inflammatory_Response_&_Autoimmunity","CXCL5-Complete_Human_Inflammatory_Response_&_Autoimmunity"
"47","chr21",34636621,34636903,2.0913,"IL10RB",34250,12899,2.0913,"transcription_start_site","+",34638671,34638671,-1768,-1912,3588,"chr21:34638671-34638671",9900,"CRF2-4,D21S58,D21S66,IL-10R2,CRFB4,http://genome.ucsc.edu/cgi-bin/hgTracks?hgsid=149178979&clade=mammal&org=Human&db=hg19&position=chr21:34638671-34638671&pix=800&Submit=submit","interleukin 10 receptor, beta","NM_000628","CDW210B","Complete_Human_Inflammatory_Response_&_Autoimmunity","IL10RB-Complete_Human_Inflammatory_Response_&_Autoimmunity"
"48","chr22",17567374,17567946,2.8467,"IL17RA",34619,13050,2.8467,"transcription_start_site","+",17565904,17565904,1470,1756,23765,"chr22:17565904-17565904",9900,"IL17R,IL-17RA,http://genome.ucsc.edu/cgi-bin/hgTracks?hgsid=149178979&clade=mammal&org=Human&db=hg19&position=chr22:17565904-17565904&pix=800&Submit=submit,hIL-17R,MGC10262,CDw217","interleukin 17 receptor A","BC011624","CD217","Complete_Human_Inflammatory_Response_&_Autoimmunity","IL17RA-Complete_Human_Inflammatory_Response_&_Autoimmunity"
"49","chr16",27322574,27322703,2.5245,"IL4R",26172,9897,2.5245,"transcription_start_site","+",27325250,27325250,-2547,-2610,3566,"chr16:27325250-27325250",9900,"http://genome.ucsc.edu/cgi-bin/hgTracks?hgsid=149178979&clade=mammal&org=Human&db=hg19&position=chr16:27325250-27325250&pix=800&Submit=submit,IL4RA","interleukin 4 receptor","NM_000418","CD124","Complete_Human_Inflammatory_Response_&_Autoimmunity","IL4R-Complete_Human_Inflammatory_Response_&_Autoimmunity"
"50","chr5",55281595,55282365,2.7545,"IL6ST",9278,3574,2.7545,"transcription_start_site","-",55278641,55278641,-2954,-3340,3572,"chr5:55278641-55278641",9900,"CDw130,http://genome.ucsc.edu/cgi-bin/hgTracks?hgsid=149178979&clade=mammal&org=Human&db=hg19&position=chr5:55278641-55278641&pix=800&Submit=submit,IL6R-beta,GP130,GP130-RAPS","interleukin 6 signal transducer (gp130, oncostatin M receptor)","BC117402","CD130","Complete_Human_Inflammatory_Response_&_Autoimmunity","IL6ST-Complete_Human_Inflammatory_Response_&_Autoimmunity"
"51","chr7",41741398,41741853,2.9829,"INHBA",12995,4953,2.9829,"transcription_start_site","-",41742675,41742675,822,1052,3624,"chr7:41742675-41742675",9900,"FRP,http://genome.ucsc.edu/cgi-bin/hgTracks?hgsid=149178979&clade=mammal&org=Human&db=hg19&position=chr7:41742675-41742675&pix=800&Submit=submit","inhibin, beta A","BC007858","EDF","Complete_Human_Inflammatory_Response_&_Autoimmunity","INHBA-Complete_Human_Inflammatory_Response_&_Autoimmunity"
"52","chr5",131827436,131827683,2.7285,"IRF1",9723,3744,2.7285,"transcription_start_site","-",131826434,131826434,-1002,-1128,3659,"chr5:131826434-131826434",9900,"http://genome.ucsc.edu/cgi-bin/hgTracks?hgsid=149178979&clade=mammal&org=Human&db=hg19&position=chr5:131826434-131826434&pix=800&Submit=submit,MAR","interferon regulatory factor 1","BC009483","IRF-1","Complete_Human_Inflammatory_Response_&_Autoimmunity","IRF1-Complete_Human_Inflammatory_Response_&_Autoimmunity"
"53","chr14",24774357,24775808,3.5248,"LTB4R",23354,8879,3.5248,"transcription_start_site","+",24780704,24780704,-4896,-5622,1241,"chr14:24780704-24780704",9900,"CMKRL1,P2RY7,BLTR,LTB4R1,LTBR1,GPR16,http://genome.ucsc.edu/cgi-bin/hgTracks?hgsid=149178979&clade=mammal&org=Human&db=hg19&position=chr14:24780704-24780704&pix=800&Submit=submit,P2Y7","leukotriene B4 receptor","NM_001143919","BLT1","Complete_Human_Inflammatory_Response_&_Autoimmunity","LTB4R-Complete_Human_Inflammatory_Response_&_Autoimmunity"
"54","chr7",30516008,30517061,3.2627,"NOD1",12908,4921,3.2627,"transcription_start_site","-",30518308,30518308,1247,1774,10392,"chr7:30518308-30518308",9900,"NLRC1,http://genome.ucsc.edu/cgi-bin/hgTracks?hgsid=149178979&clade=mammal&org=Human&db=hg19&position=chr7:30518308-30518308&pix=800&Submit=submit,CLR7.1","nucleotide-binding oligomerization domain containing 1","BC040339","CARD4","Complete_Human_Inflammatory_Response_&_Autoimmunity","NOD1-Complete_Human_Inflammatory_Response_&_Autoimmunity"
"55","chr20",21681879,21683237,4.2454,"PAX1",33323,12531,4.2454,"transcription_start_site","+",21686296,21686296,-3059,-3738,5075,"chr20:21686296-21686296",9900,"http://genome.ucsc.edu/cgi-bin/hgTracks?hgsid=149178979&clade=mammal&org=Human&db=hg19&position=chr20:21686296-21686296&pix=800&Submit=submit","paired box 1","NM_006192","HUP48","Complete_Human_Inflammatory_Response_&_Autoimmunity","PAX1-Complete_Human_Inflammatory_Response_&_Autoimmunity"
"56","chr11",65428783,65429416,4.0847,"RELA",19430,7446,4.0847,"transcription_start_site","-",65430309,65430309,893,1208,5970,"chr11:65430309-65430309",9900,"p65,NFKB3,http://genome.ucsc.edu/cgi-bin/hgTracks?hgsid=149178979&clade=mammal&org=Human&db=hg19&position=chr11:65430309-65430309&pix=800&Submit=submit","v-rel reticuloendotheliosis viral oncogene homolog A (avian)","BC033522","MGC131774","Complete_Human_Inflammatory_Response_&_Autoimmunity","RELA-Complete_Human_Inflammatory_Response_&_Autoimmunity"
"57","chr9",91605077,91605517,3.1141,"S1PR3",15997,6161,3.1141,"transcription_start_site","+",91606361,91606361,-844,-1064,1903,"chr9:91606361-91606361",9900,"FLJ93220,FLJ37523,S1P3,LPB3,http://genome.ucsc.edu/cgi-bin/hgTracks?hgsid=149178979&clade=mammal&org=Human&db=hg19&position=chr9:91606361-91606361&pix=800&Submit=submit,MGC71696,EDG3","sphingosine-1-phosphate receptor 3","NM_005226","EDG-3","Complete_Human_Inflammatory_Response_&_Autoimmunity","S1PR3-Complete_Human_Inflammatory_Response_&_Autoimmunity"
"58","chr16",11353996,11355235,2.5018,"SOCS1",25998,9823,2.5018,"transcription_start_site","-",11349335,11349335,-4661,-5281,8651,"chr16:11349335-11349335",9900,"http://genome.ucsc.edu/cgi-bin/hgTracks?hgsid=149178979&clade=mammal&org=Human&db=hg19&position=chr16:11349335-11349335&pix=800&Submit=submit,SOCS-1,CISH1,SSI1,TIP3,SSI-1,JAB","suppressor of cytokine signaling 1","BC153088","CIS1","Complete_Human_Inflammatory_Response_&_Autoimmunity","SOCS1-Complete_Human_Inflammatory_Response_&_Autoimmunity"
"59","chr20",57555032,57555289,2.5629,"TH1L",33933,12768,2.5629,"transcription_start_site","+",57556310,57556310,-1021,-1152,51497,"chr20:57556310-57556310",9900,"TH1,NELF-D,NELF-C,http://genome.ucsc.edu/cgi-bin/hgTracks?hgsid=149178979&clade=mammal&org=Human&db=hg19&position=chr20:57556310-57556310&pix=800&Submit=submit","TH1-like (Drosophila)","NM_198976","HSPC130","Complete_Human_Inflammatory_Response_&_Autoimmunity","TH1L-Complete_Human_Inflammatory_Response_&_Autoimmunity"
"60","chr11",126149616,126150177,3.9345,"TIRAP",20409,7798,3.9345,"transcription_start_site","+",126152981,126152981,-2804,-3088,114609,"chr11:126152981-126152981",9900,"Mal,http://genome.ucsc.edu/cgi-bin/hgTracks?hgsid=149178979&clade=mammal&org=Human&db=hg19&position=chr11:126152981-126152981&pix=800&Submit=submit,wyatt","toll-interleukin 1 receptor (TIR) domain containing adaptor protein","NM_148910","FLJ42305","Complete_Human_Inflammatory_Response_&_Autoimmunity","TIRAP-Complete_Human_Inflammatory_Response_&_Autoimmunity"
"61","chr1",223316922,223317269,2.4735,"TLR5",2983,1113,2.4735,"transcription_start_site","-",223316624,223316624,-298,-464,7100,"chr1:223316624-223316624",9900,"http://genome.ucsc.edu/cgi-bin/hgTracks?hgsid=149178979&clade=mammal&org=Human&db=hg19&position=chr1:223316624-223316624&pix=800&Submit=submit,TIL3,SLEB1,MGC126430,MGC126431","toll-like receptor 5","NM_003268","FLJ10052","Complete_Human_Inflammatory_Response_&_Autoimmunity","TLR5-Complete_Human_Inflammatory_Response_&_Autoimmunity"
"62","chr11",1331817,1332782,5.1889,"TOLLIP",18326,7049,5.1889,"transcription_start_site","-",1330809,1330809,-1008,-1490,54472,"chr11:1330809-1330809",9900,"http://genome.ucsc.edu/cgi-bin/hgTracks?hgsid=149178979&clade=mammal&org=Human&db=hg19&position=chr11:1330809-1330809&pix=800&Submit=submit,IL-1RAcPIP","toll interacting protein","BC018272","FLJ33531","Complete_Human_Inflammatory_Response_&_Autoimmunity","TOLLIP-Complete_Human_Inflammatory_Response_&_Autoimmunity"
"63","chr9",139787952,139788202,2.9801,"TRAF2",16923,6513,2.9801,"transcription_start_site","+",139793164,139793164,-4962,-5088,7186,"chr9:139793164-139793164",9900,"TRAP3,http://genome.ucsc.edu/cgi-bin/hgTracks?hgsid=149178979&clade=mammal&org=Human&db=hg19&position=chr9:139793164-139793164&pix=800&Submit=submit,TRAP","TNF receptor-associated factor 2","BC064662","MGC:45012","Complete_Human_Inflammatory_Response_&_Autoimmunity","TRAF2-Complete_Human_Inflammatory_Response_&_Autoimmunity"
"64","chr14",105264762,105265187,2.9594,"AKT1",24278,9211,2.9594,"transcription_start_site","-",105259938,105259938,-4824,-5040,207,"chr14:105259938-105259938",9900,"PKB-ALPHA,PKB,http://genome.ucsc.edu/cgi-bin/hgTracks?hgsid=149178979&clade=mammal&org=Human&db=hg19&position=chr14:105259938-105259938&pix=800&Submit=submit,RAC-ALPHA,PRKBA,RAC,MGC99656","v-akt murine thymoma viral oncogene homolog 1","NM_005163","AKT","Complete_Human_Tumor_Suppressor_Genes","AKT1-Complete_Human_Tumor_Suppressor_Genes"
"65","chr18",60984709,60985162,2.9558,"BCL2",30234,11398,2.9558,"transcription_start_site","-",60986509,60986509,1347,1572,596,"chr18:60986509-60986509",9900,"http://genome.ucsc.edu/cgi-bin/hgTracks?hgsid=149178979&clade=mammal&org=Human&db=hg19&position=chr18:60986509-60986509&pix=800&Submit=submit","B-cell CLL/lymphoma 2","BC027258","Bcl-2","Complete_Human_Tumor_Suppressor_Genes","BCL2-Complete_Human_Tumor_Suppressor_Genes"
"66","chr22",23518948,23519091,2.1135,"BCR",34815,13128,2.1135,"transcription_start_site","+",23522551,23522551,-3460,-3532,613,"chr22:23522551-23522551",9900,"D22S662,BCR1,PHL,http://genome.ucsc.edu/cgi-bin/hgTracks?hgsid=149178979&clade=mammal&org=Human&db=hg19&position=chr22:23522551-23522551&pix=800&Submit=submit,CML,FLJ16453,D22S11","breakpoint cluster region","NM_021574","ALL","Complete_Human_Tumor_Suppressor_Genes","BCR-Complete_Human_Tumor_Suppressor_Genes"
"67","chr17",41281798,41282243,2.3366,"BRCA1",28649,10790,2.3366,"transcription_start_site","-",41277340,41277340,-4458,-4684,672,"chr17:41277340-41277340",9900,"http://genome.ucsc.edu/cgi-bin/hgTracks?hgsid=149178979&clade=mammal&org=Human&db=hg19&position=chr17:41277340-41277340&pix=800&Submit=submit,BRCC1,RNF53,BROVCA1,IRIS,PSCP","breast cancer 1, early onset","NR_027676","BRCAI","Complete_Human_Tumor_Suppressor_Genes","BRCA1-Complete_Human_Tumor_Suppressor_Genes"
"68","chr13",28547367,28548029,3.8356,"CDX2",22575,8583,3.8356,"transcription_start_site","-",28543317,28543317,-4050,-4382,1045,"chr13:28543317-28543317",9900,"http://genome.ucsc.edu/cgi-bin/hgTracks?hgsid=149178979&clade=mammal&org=Human&db=hg19&position=chr13:28543317-28543317&pix=800&Submit=submit,CDX3","caudal type homeobox 2","NM_001265","CDX-3","Complete_Human_Tumor_Suppressor_Genes","CDX2-Complete_Human_Tumor_Suppressor_Genes"
"69","chr12",133468192,133470270,3.1277,"CHFR",22411,8524,3.1277,"transcription_start_site","-",133463922,133463922,-4270,-5312,55743,"chr12:133463922-133463922",9900,"FLJ33629,RNF116,http://genome.ucsc.edu/cgi-bin/hgTracks?hgsid=149178979&clade=mammal&org=Human&db=hg19&position=chr12:133463922-133463922&pix=800&Submit=submit,RNF196","checkpoint with forkhead and ring finger domains","BC012072","FLJ10796","Complete_Human_Tumor_Suppressor_Genes","CHFR-Complete_Human_Tumor_Suppressor_Genes"
"70","chr1",68515389,68516311,2.7082,"DIRAS3",1383,533,2.7082,"transcription_start_site","-",68516312,68516312,1,456,9077,"chr1:68516312-68516312",9900,"http://genome.ucsc.edu/cgi-bin/hgTracks?hgsid=149178979&clade=mammal&org=Human&db=hg19&position=chr1:68516312-68516312&pix=800&Submit=submit,NOEY2","DIRAS family, GTP-binding RAS-like 3","BC005362","ARHI","Complete_Human_Tumor_Suppressor_Genes","DIRAS3-Complete_Human_Tumor_Suppressor_Genes"
"71","chr17",37842062,37842191,2.5743,"ERBB2",28408,10715,2.5743,"transcription_start_site","+",37844392,37844392,-2201,-2264,2064,"chr17:37844392-37844392",9900,"NGL,NEU,http://genome.ucsc.edu/cgi-bin/hgTracks?hgsid=149178979&clade=mammal&org=Human&db=hg19&position=chr17:37844392-37844392&pix=800&Submit=submit,HER2,HER-2/neu,TKR1,HER-2","v-erb-b2 erythroblastic leukemia viral oncogene homolog 2, neuro/glioblastoma derived oncogene homolog (avian)","NM_001005862","CD340","Complete_Human_Tumor_Suppressor_Genes","ERBB2-Complete_Human_Tumor_Suppressor_Genes"
"72","chr6",160387764,160388432,3.1666,"IGF2R",12244,4659,3.1666,"transcription_start_site","+",160390130,160390130,-1698,-2032,3482,"chr6:160390130-160390130",9900,"MPRI,http://genome.ucsc.edu/cgi-bin/hgTracks?hgsid=149178979&clade=mammal&org=Human&db=hg19&position=chr6:160390130-160390130&pix=800&Submit=submit,CIMPR,M6P-R,MPR1","insulin-like growth factor 2 receptor","NM_000876","CD222","Complete_Human_Tumor_Suppressor_Genes","IGF2R-Complete_Human_Tumor_Suppressor_Genes"
"73","chr10",131263302,131263748,3.0736,"MGMT",18106,6982,3.0736,"transcription_start_site","+",131265453,131265453,-1705,-1936,4255,"chr10:131265453-131265453",9900,"http://genome.ucsc.edu/cgi-bin/hgTracks?hgsid=149178979&clade=mammal&org=Human&db=hg19&position=chr10:131265453-131265453&pix=800&Submit=submit","O-6-methylguanine-DNA methyltransferase","NM_002412","-","Complete_Human_Tumor_Suppressor_Genes","MGMT-Complete_Human_Tumor_Suppressor_Genes"
"74","chr5",134874385,134874615,3.2402,"NEUROG1",9772,3758,3.2402,"transcription_start_site","-",134871639,134871639,-2746,-2864,4762,"chr5:134871639-134871639",9900,"bHLHa6,NEUROD3,Math4C,ngn1,http://genome.ucsc.edu/cgi-bin/hgTracks?hgsid=149178979&clade=mammal&org=Human&db=hg19&position=chr5:134871639-134871639&pix=800&Submit=submit","neurogenin 1","NM_006161","AKA","Complete_Human_Tumor_Suppressor_Genes","NEUROG1-Complete_Human_Tumor_Suppressor_Genes"
"75","chr3",50376207,50376739,2.8309,"RASSF1",6359,2400,2.8309,"transcription_start_site","-",50374895,50374895,-1312,-1576,11186,"chr3:50374895-50374895",9900,"http://genome.ucsc.edu/cgi-bin/hgTracks?hgsid=149178979&clade=mammal&org=Human&db=hg19&position=chr3:50374895-50374895&pix=800&Submit=submit,NORE2A,REH3P21,RDA32,RASSF1A","Ras association (RalGDS/AF-6) domain family member 1","NM_170713","123F2","Complete_Human_Tumor_Suppressor_Genes","RASSF1-Complete_Human_Tumor_Suppressor_Genes"
"76","chr4",154711225,154711581,3.6087,"SFRP2",8729,3344,3.6087,"transcription_start_site","-",154710208,154710208,-1017,-1200,6423,"chr4:154710208-154710208",9900,"SARP1,SDF-5,http://genome.ucsc.edu/cgi-bin/hgTracks?hgsid=149178979&clade=mammal&org=Human&db=hg19&position=chr4:154710208-154710208&pix=800&Submit=submit","secreted frizzled-related protein 2","BC008666","FRP-2","Complete_Human_Tumor_Suppressor_Genes","SFRP2-Complete_Human_Tumor_Suppressor_Genes"
"77","chr16",11353996,11355235,2.5018,"SOCS1",25998,9823,2.5018,"transcription_start_site","-",11349335,11349335,-4661,-5281,8651,"chr16:11349335-11349335",9900,"http://genome.ucsc.edu/cgi-bin/hgTracks?hgsid=149178979&clade=mammal&org=Human&db=hg19&position=chr16:11349335-11349335&pix=800&Submit=submit,SOCS-1,CISH1,SSI1,TIP3,SSI-1,JAB","suppressor of cytokine signaling 1","BC153088","CIS1","Complete_Human_Tumor_Suppressor_Genes","SOCS1-Complete_Human_Tumor_Suppressor_Genes"
"78","chr5",151053874,151054317,3.0279,"SPARC",10367,3927,3.0279,"transcription_start_site","-",151055757,151055757,1440,1664,6678,"chr5:151055757-151055757",9900,"http://genome.ucsc.edu/cgi-bin/hgTracks?hgsid=149178979&clade=mammal&org=Human&db=hg19&position=chr5:151055757-151055757&pix=800&Submit=submit","secreted protein, acidic, cysteine-rich (osteonectin)","BC008011","ON","Complete_Human_Tumor_Suppressor_Genes","SPARC-Complete_Human_Tumor_Suppressor_Genes"
"79","chr17",7579687,7580262,2.7607,"TP53",27779,10468,2.7607,"transcription_start_site","-",7578811,7578811,-876,-1163,7157,"chr17:7578811-7578811",9900,"TRP53,p53,LFS1,http://genome.ucsc.edu/cgi-bin/hgTracks?hgsid=149178979&clade=mammal&org=Human&db=hg19&position=chr17:7578811-7578811&pix=800&Submit=submit","tumor protein p53","NM_001126117","FLJ92943","Complete_Human_Tumor_Suppressor_Genes","TP53-Complete_Human_Tumor_Suppressor_Genes"
"80","chr1",3562675,3564226,3.2637,"TP73",113,48,3.2637,"transcription_start_site","+",3569128,3569128,-4902,-5677,7161,"chr1:3569128-3569128",9900,"http://genome.ucsc.edu/cgi-bin/hgTracks?hgsid=149178979&clade=mammal&org=Human&db=hg19&position=chr1:3569128-3569128&pix=800&Submit=submit","tumor protein p73","NM_005427","P73","Complete_Human_Tumor_Suppressor_Genes","TP73-Complete_Human_Tumor_Suppressor_Genes"
"81","chr9",135802348,135803435,2.6005,"TSC1",16698,6440,2.6005,"transcription_start_site","-",135804259,135804259,824,1360,7248,"chr9:135804259-135804259",9900,"TSC,http://genome.ucsc.edu/cgi-bin/hgTracks?hgsid=149178979&clade=mammal&org=Human&db=hg19&position=chr9:135804259-135804259&pix=800&Submit=submit,MGC86987,LAM","tuberous sclerosis 1","BC167824","KIAA0243","Complete_Human_Tumor_Suppressor_Genes","TSC1-Complete_Human_Tumor_Suppressor_Genes"
"82","chr11",32454512,32455770,3.3554,"WT1",18761,7214,3.3554,"transcription_start_site","-",32452359,32452359,-2153,-2780,7490,"chr11:32452359-32452359",9900,"WAGR,http://genome.ucsc.edu/cgi-bin/hgTracks?hgsid=149178979&clade=mammal&org=Human&db=hg19&position=chr11:32452359-32452359&pix=800&Submit=submit,WT33,WIT-2,GUD","Wilms tumor 1","BC032861","AWT1","Complete_Human_Tumor_Suppressor_Genes","WT1-Complete_Human_Tumor_Suppressor_Genes"
"83","chr19",44082580,44082717,2.2124,"XRCC1",31927,12024,2.2124,"transcription_start_site","-",44079617,44079617,-2963,-3032,7515,"chr19:44079617-44079617",9900,"http://genome.ucsc.edu/cgi-bin/hgTracks?hgsid=149178979&clade=mammal&org=Human&db=hg19&position=chr19:44079617-44079617&pix=800&Submit=submit","X-ray repair complementing defective repair in Chinese hamster cells 1","BC023593","RCC","Complete_Human_Tumor_Suppressor_Genes","XRCC1-Complete_Human_Tumor_Suppressor_Genes"
"84","chr13",28547367,28548029,3.8356,"CDX2",22575,8583,3.8356,"transcription_start_site","-",28543317,28543317,-4050,-4382,1045,"chr13:28543317-28543317",9900,"http://genome.ucsc.edu/cgi-bin/hgTracks?hgsid=149178979&clade=mammal&org=Human&db=hg19&position=chr13:28543317-28543317&pix=800&Submit=submit,CDX3","caudal type homeobox 2","NM_001265","CDX-3","Complete_Stem_Cell_Transcription_Factors","CDX2-Complete_Stem_Cell_Transcription_Factors"
"85","chr2",172947815,172948582,2.3986,"DLX1",4822,1809,2.3986,"transcription_start_site","+",172950207,172950207,-1625,-2016,1745,"chr2:172950207-172950207",9900,"http://genome.ucsc.edu/cgi-bin/hgTracks?hgsid=149178979&clade=mammal&org=Human&db=hg19&position=chr2:172950207-172950207&pix=800&Submit=submit","distal-less homeobox 1","NM_001038493","-","Complete_Stem_Cell_Transcription_Factors","DLX1-Complete_Stem_Cell_Transcription_Factors"
"86","chr8",22553876,22554427,2.7281,"EGR3",14558,5560,2.7281,"transcription_start_site","-",22550554,22550554,-3322,-3598,1960,"chr8:22550554-22550554",9900,"PILOT,http://genome.ucsc.edu/cgi-bin/hgTracks?hgsid=149178979&clade=mammal&org=Human&db=hg19&position=chr8:22550554-22550554&pix=800&Submit=submit","early growth response 3","BC112279","MGC138484","Complete_Stem_Cell_Transcription_Factors","EGR3-Complete_Stem_Cell_Transcription_Factors"
"87","chr18",19746840,19747894,2.5825,"GATA6",29966,11292,2.5825,"transcription_start_site","+",19749415,19749415,-1521,-2048,2627,"chr18:19749415-19749415",9900,"http://genome.ucsc.edu/cgi-bin/hgTracks?hgsid=149178979&clade=mammal&org=Human&db=hg19&position=chr18:19749415-19749415&pix=800&Submit=submit","GATA binding protein 6","NM_005257","-","Complete_Stem_Cell_Transcription_Factors","GATA6-Complete_Stem_Cell_Transcription_Factors"
"88","chr2",237074212,237075449,3.6018,"GBX2",5519,2077,3.6018,"transcription_start_site","-",237076652,237076652,1203,1824,2637,"chr2:237076652-237076652",9900,"http://genome.ucsc.edu/cgi-bin/hgTracks?hgsid=149178979&clade=mammal&org=Human&db=hg19&position=chr2:237076652-237076652&pix=800&Submit=submit","gastrulation brain homeobox 2","NM_001485","-","Complete_Stem_Cell_Transcription_Factors","GBX2-Complete_Stem_Cell_Transcription_Factors"
"89","chr5",153854936,153856767,3.7346,"HAND1",10379,3932,3.7346,"transcription_start_site","-",153857793,153857793,1026,1936,9421,"chr5:153857793-153857793",9900,"http://genome.ucsc.edu/cgi-bin/hgTracks?hgsid=149178979&clade=mammal&org=Human&db=hg19&position=chr5:153857793-153857793&pix=800&Submit=submit,Thing1,eHand,bHLHa27","heart and neural crest derivatives expressed 1","BC021190","Hxt","Complete_Stem_Cell_Transcription_Factors","HAND1-Complete_Stem_Cell_Transcription_Factors"
"90","chr7",27227674,27228345,2.8784,"HOXA11",12890,4909,2.8784,"transcription_start_site","-",27224835,27224835,-2839,-3172,3207,"chr7:27224835-27224835",9900,"http://genome.ucsc.edu/cgi-bin/hgTracks?hgsid=149178979&clade=mammal&org=Human&db=hg19&position=chr7:27224835-27224835&pix=800&Submit=submit,HOX1I","homeobox A11","NM_005523","HOX1","Complete_Stem_Cell_Transcription_Factors","HOXA11-Complete_Stem_Cell_Transcription_Factors"
"91","chr7",27141073,27141342,2.6808,"HOXA2",12853,4895,2.6808,"transcription_start_site","-",27142148,27142148,806,940,3199,"chr7:27142148-27142148",9900,"http://genome.ucsc.edu/cgi-bin/hgTracks?hgsid=149178979&clade=mammal&org=Human&db=hg19&position=chr7:27142148-27142148&pix=800&Submit=submit","homeobox A2","BC130571","HOX1K","Complete_Stem_Cell_Transcription_Factors","HOXA2-Complete_Stem_Cell_Transcription_Factors"
"92","chr7",27163068,27163527,3.6742,"HOXA3",12859,4897,3.6742,"transcription_start_site","-",27159214,27159214,-3854,-4084,3200,"chr7:27159214-27159214",9900,"http://genome.ucsc.edu/cgi-bin/hgTracks?hgsid=149178979&clade=mammal&org=Human&db=hg19&position=chr7:27159214-27159214&pix=800&Submit=submit,MGC10155,HOX1E","homeobox A3","NM_030661","HOX1","Complete_Stem_Cell_Transcription_Factors","HOXA3-Complete_Stem_Cell_Transcription_Factors"
"93","chr7",27193125,27194889,2.6057,"HOXA7",12872,4902,2.6057,"transcription_start_site","-",27196164,27196164,1275,2158,3204,"chr7:27196164-27196164",9900,"HOX1.1,http://genome.ucsc.edu/cgi-bin/hgTracks?hgsid=149178979&clade=mammal&org=Human&db=hg19&position=chr7:27196164-27196164&pix=800&Submit=submit,HOX1,HOX1A","homeobox A7","BC148692","ANTP","Complete_Stem_Cell_Transcription_Factors","HOXA7-Complete_Stem_Cell_Transcription_Factors"
"94","chr7",27203055,27204207,2.7512,"HOXA9",12876,4904,2.7512,"transcription_start_site","-",27205129,27205129,922,1496,3205,"chr7:27205129-27205129",9900,"MGC1934,HOX1,HOX1G,HOX1.7,http://genome.ucsc.edu/cgi-bin/hgTracks?hgsid=149178979&clade=mammal&org=Human&db=hg19&position=chr7:27205129-27205129&pix=800&Submit=submit","homeobox A9","BC006537","ABD-B","Complete_Stem_Cell_Transcription_Factors","HOXA9-Complete_Stem_Cell_Transcription_Factors"
"95","chr17",46628852,46629009,2.3013,"HOXB3",28873,10872,2.3013,"transcription_start_site","-",46629836,46629836,827,908,3213,"chr17:46629836-46629836",9900,"Hox-2.7,http://genome.ucsc.edu/cgi-bin/hgTracks?hgsid=149178979&clade=mammal&org=Human&db=hg19&position=chr17:46629836-46629836&pix=800&Submit=submit,HOX2G","homeobox B3","BC172550","HOX2","Complete_Stem_Cell_Transcription_Factors","HOXB3-Complete_Stem_Cell_Transcription_Factors"
"96","chr17",46693031,46693460,2.8982,"HOXB8",28889,10879,2.8982,"transcription_start_site","-",46692301,46692301,-730,-948,3218,"chr17:46692301-46692301",9900,"Hox-2.4,http://genome.ucsc.edu/cgi-bin/hgTracks?hgsid=149178979&clade=mammal&org=Human&db=hg19&position=chr17:46692301-46692301&pix=800&Submit=submit,HOX2D","homeobox B8","NM_024016","HOX2","Complete_Stem_Cell_Transcription_Factors","HOXB8-Complete_Stem_Cell_Transcription_Factors"
"97","chr12",54376609,54377946,4.314,"HOXC10",21507,8201,4.314,"transcription_start_site","+",54378945,54378945,-999,-1668,3226,"chr12:54378945-54378945",9900,"http://genome.ucsc.edu/cgi-bin/hgTracks?hgsid=149178979&clade=mammal&org=Human&db=hg19&position=chr12:54378945-54378945&pix=800&Submit=submit,MGC5259","homeobox C10","NM_017409","HOX3I","Complete_Stem_Cell_Transcription_Factors","HOXC10-Complete_Stem_Cell_Transcription_Factors"
"98","chr12",54347962,54348590,2.8869,"HOXC12",21500,8198,2.8869,"transcription_start_site","+",54348713,54348713,-123,-436,3228,"chr12:54348713-54348713",9900,"HOX3,http://genome.ucsc.edu/cgi-bin/hgTracks?hgsid=149178979&clade=mammal&org=Human&db=hg19&position=chr12:54348713-54348713&pix=800&Submit=submit,HOX3F","homeobox C12","NM_173860","HOC3F","Complete_Stem_Cell_Transcription_Factors","HOXC12-Complete_Stem_Cell_Transcription_Factors"
"99","chr2",177054382,177055342,1.9016,"HOXD1",4914,1843,1.9016,"transcription_start_site","+",177053306,177053306,1076,1552,3231,"chr2:177053306-177053306",9900,"HOX4G,http://genome.ucsc.edu/cgi-bin/hgTracks?hgsid=149178979&clade=mammal&org=Human&db=hg19&position=chr2:177053306-177053306&pix=800&Submit=submit,Hox-4.7","homeobox D1","NM_024501","HOX4","Complete_Stem_Cell_Transcription_Factors","HOXD1-Complete_Stem_Cell_Transcription_Factors"
"100","chr2",176976882,176977011,2.5987,"HOXD10",4891,1835,2.5987,"transcription_start_site","+",176981491,176981491,-4480,-4544,3236,"chr2:176981491-176981491",9900,"http://genome.ucsc.edu/cgi-bin/hgTracks?hgsid=149178979&clade=mammal&org=Human&db=hg19&position=chr2:176981491-176981491&pix=800&Submit=submit,HOX4D,HOX4E,Hox-4.4","homeobox D10","NM_002148","HOX4","Complete_Stem_Cell_Transcription_Factors","HOXD10-Complete_Stem_Cell_Transcription_Factors"
"101","chr5",50673264,50674143,3.638,"ISL1",9248,3563,3.638,"transcription_start_site","+",50678957,50678957,-4814,-5252,3670,"chr5:50678957-50678957",9900,"Isl-1,http://genome.ucsc.edu/cgi-bin/hgTracks?hgsid=149178979&clade=mammal&org=Human&db=hg19&position=chr5:50678957-50678957&pix=800&Submit=submit","ISL LIM homeobox 1","NM_002202","ISLET1","Complete_Stem_Cell_Transcription_Factors","ISL1-Complete_Stem_Cell_Transcription_Factors"
"102","chr22",30644336,30644665,2.7091,"LIF",34991,13193,2.7091,"transcription_start_site","-",30642732,30642732,-1604,-1768,3976,"chr22:30642732-30642732",9900,"http://genome.ucsc.edu/cgi-bin/hgTracks?hgsid=149178979&clade=mammal&org=Human&db=hg19&position=chr22:30642732-30642732&pix=800&Submit=submit,DIA,HILDA","leukemia inhibitory factor (cholinergic differentiation factor)","BC093733","CDF","Complete_Stem_Cell_Transcription_Factors","LIF-Complete_Stem_Cell_Transcription_Factors"
"103","chr5",174146316,174146773,3.3743,"MSX2",10486,3977,3.3743,"transcription_start_site","+",174151574,174151574,-4801,-5024,4488,"chr5:174151574-174151574",9900,"HOX8,MSH,PFM1,FPP,http://genome.ucsc.edu/cgi-bin/hgTracks?hgsid=149178979&clade=mammal&org=Human&db=hg19&position=chr5:174151574-174151574&pix=800&Submit=submit,PFM","msh homeobox 2","NM_002449","CRS2","Complete_Stem_Cell_Transcription_Factors","MSX2-Complete_Stem_Cell_Transcription_Factors"
"104","chr2",182543429,182543897,3.8431,"NEUROD1",4945,1858,3.8431,"transcription_start_site","-",182545213,182545213,1316,1552,4760,"chr2:182545213-182545213",9900,"bHLHa3,NEUROD,http://genome.ucsc.edu/cgi-bin/hgTracks?hgsid=149178979&clade=mammal&org=Human&db=hg19&position=chr2:182545213-182545213&pix=800&Submit=submit,BHF-1","neurogenic differentiation 1","BC009046","BETA2","Complete_Stem_Cell_Transcription_Factors","NEUROD1-Complete_Stem_Cell_Transcription_Factors"
"105","chr20",21496482,21498031,2.3806,"NKX2-2",33320,12530,2.3806,"transcription_start_site","-",21494335,21494335,-2147,-2920,4821,"chr20:21494335-21494335",9900,"http://genome.ucsc.edu/cgi-bin/hgTracks?hgsid=149178979&clade=mammal&org=Human&db=hg19&position=chr20:21494335-21494335&pix=800&Submit=submit,NKX2B","NK2 homeobox 2","BC075092","NKX2.2","Complete_Stem_Cell_Transcription_Factors","NKX2-2-Complete_Stem_Cell_Transcription_Factors"
"106","chr21",34396563,34397311,2.5091,"OLIG2",34246,12897,2.5091,"transcription_start_site","+",34398238,34398238,-927,-1304,10215,"chr21:34398238-34398238",9900,"OLIGO2,http://genome.ucsc.edu/cgi-bin/hgTracks?hgsid=149178979&clade=mammal&org=Human&db=hg19&position=chr21:34398238-34398238&pix=800&Submit=submit,PRKCBP2,bHLHe19,RACK17","oligodendrocyte lineage transcription factor 2","NM_005806","BHLHB1","Complete_Stem_Cell_Transcription_Factors","OLIG2-Complete_Stem_Cell_Transcription_Factors"
"107","chr20",21681879,21683237,4.2454,"PAX1",33323,12531,4.2454,"transcription_start_site","+",21686296,21686296,-3059,-3738,5075,"chr20:21686296-21686296",9900,"http://genome.ucsc.edu/cgi-bin/hgTracks?hgsid=149178979&clade=mammal&org=Human&db=hg19&position=chr20:21686296-21686296&pix=800&Submit=submit","paired box 1","NM_006192","HUP48","Complete_Stem_Cell_Transcription_Factors","PAX1-Complete_Stem_Cell_Transcription_Factors"
"108","chr9",37036402,37036627,2.5563,"PAX5",15835,6086,2.5563,"transcription_start_site","-",37034028,37034028,-2374,-2484,5079,"chr9:37034028-37034028",9900,"http://genome.ucsc.edu/cgi-bin/hgTracks?hgsid=149178979&clade=mammal&org=Human&db=hg19&position=chr9:37034028-37034028&pix=800&Submit=submit","paired box 5","BC156927","BSAP","Complete_Stem_Cell_Transcription_Factors","PAX5-Complete_Stem_Cell_Transcription_Factors"
"109","chr11",31836885,31837158,2.0094,"PAX6",18756,7212,2.0094,"transcription_start_site","-",31832785,31832785,-4100,-4236,5080,"chr11:31832785-31832785",9900,"http://genome.ucsc.edu/cgi-bin/hgTracks?hgsid=149178979&clade=mammal&org=Human&db=hg19&position=chr11:31832785-31832785&pix=800&Submit=submit,WAGR,MGC17209,D11S812E,MGDA,AN2","paired box 6","BC011953","AN","Complete_Stem_Cell_Transcription_Factors","PAX6-Complete_Stem_Cell_Transcription_Factors"
"110","chr14",37123372,37124243,2.9418,"PAX9",23452,8910,2.9418,"transcription_start_site","+",37126772,37126772,-2529,-2964,5083,"chr14:37126772-37126772",9900,"http://genome.ucsc.edu/cgi-bin/hgTracks?hgsid=149178979&clade=mammal&org=Human&db=hg19&position=chr14:37126772-37126772&pix=800&Submit=submit","paired box 9","NM_006194","STHAG3","Complete_Stem_Cell_Transcription_Factors","PAX9-Complete_Stem_Cell_Transcription_Factors"
"111","chr10",104004118,104004581,2.3629,"PITX3",17855,6873,2.3629,"transcription_start_site","-",104001230,104001230,-2888,-3120,5309,"chr10:104001230-104001230",9900,"MGC12766,PTX3,http://genome.ucsc.edu/cgi-bin/hgTracks?hgsid=149178979&clade=mammal&org=Human&db=hg19&position=chr10:104001230-104001230&pix=800&Submit=submit","paired-like homeodomain 3","BC011642","CTPP4","Complete_Stem_Cell_Transcription_Factors","PITX3-Complete_Stem_Cell_Transcription_Factors"
"112","chr13",79178538,79178677,2.6343,"POU4F1",22954,8718,2.6343,"transcription_start_site","-",79177466,79177466,-1072,-1144,5457,"chr13:79177466-79177466",9900,"http://genome.ucsc.edu/cgi-bin/hgTracks?hgsid=149178979&clade=mammal&org=Human&db=hg19&position=chr13:79177466-79177466&pix=800&Submit=submit,RDC-1,FLJ13449,Oct-T1","POU class 4 homeobox 1","BC148792","BRN3A","Complete_Stem_Cell_Transcription_Factors","POU4F1-Complete_Stem_Cell_Transcription_Factors"
"113","chr8",55369814,55370073,2.2079,"SOX17",14864,5690,2.2079,"transcription_start_site","+",55370494,55370494,-421,-552,64321,"chr8:55370494-55370494",9900,"http://genome.ucsc.edu/cgi-bin/hgTracks?hgsid=149178979&clade=mammal&org=Human&db=hg19&position=chr8:55370494-55370494&pix=800&Submit=submit","SRY (sex determining region Y)-box 17","NM_022454","FLJ22252","Complete_Stem_Cell_Transcription_Factors","SOX17-Complete_Stem_Cell_Transcription_Factors"
"114","chr17",70113784,70114126,2.6457,"SOX9",29266,11018,2.6457,"transcription_start_site","+",70117160,70117160,-3034,-3208,6662,"chr17:70117160-70117160",9900,"http://genome.ucsc.edu/cgi-bin/hgTracks?hgsid=149178979&clade=mammal&org=Human&db=hg19&position=chr17:70117160-70117160&pix=800&Submit=submit,SRA1,CMPD1","SRY (sex determining region Y)-box 9","NM_000346","CMD1","Complete_Stem_Cell_Transcription_Factors","SOX9-Complete_Stem_Cell_Transcription_Factors"
"115","chr17",40541426,40542657,3.847,"STAT3",28582,10773,3.847,"transcription_start_site","-",40540405,40540405,-1021,-1636,6774,"chr17:40540405-40540405",9900,"FLJ20882,HIES,MGC16063,http://genome.ucsc.edu/cgi-bin/hgTracks?hgsid=149178979&clade=mammal&org=Human&db=hg19&position=chr17:40540405-40540405&pix=800&Submit=submit","signal transducer and activator of transcription 3 (acute-phase response factor)","NM_213662","APRF","Complete_Stem_Cell_Transcription_Factors","STAT3-Complete_Stem_Cell_Transcription_Factors"
"116","chr12",114847255,114847704,3.2139,"TBX5",22113,8405,3.2139,"transcription_start_site","-",114843889,114843889,-3366,-3592,6910,"chr12:114843889-114843889",9900,"http://genome.ucsc.edu/cgi-bin/hgTracks?hgsid=149178979&clade=mammal&org=Human&db=hg19&position=chr12:114843889-114843889&pix=800&Submit=submit","T-box 5","NM_181486","HOS","Complete_Stem_Cell_Transcription_Factors","TBX5-Complete_Stem_Cell_Transcription_Factors"
"117","chr5",170731177,170731432,2.6465,"TLX3",10446,3962,2.6465,"transcription_start_site","+",170736287,170736287,-4855,-4992,30012,"chr5:170736287-170736287",9900,"MGC29804,http://genome.ucsc.edu/cgi-bin/hgTracks?hgsid=149178979&clade=mammal&org=Human&db=hg19&position=chr5:170736287-170736287&pix=800&Submit=submit,RNX","T-cell leukemia homeobox 3","NM_021025","HOX11L2","Complete_Stem_Cell_Transcription_Factors","TLX3-Complete_Stem_Cell_Transcription_Factors"
"118","chr11",32454512,32455770,3.3554,"WT1",18761,7214,3.3554,"transcription_start_site","-",32452359,32452359,-2153,-2780,7490,"chr11:32452359-32452359",9900,"WAGR,http://genome.ucsc.edu/cgi-bin/hgTracks?hgsid=149178979&clade=mammal&org=Human&db=hg19&position=chr11:32452359-32452359&pix=800&Submit=submit,WT33,WIT-2,GUD","Wilms tumor 1","BC032861","AWT1","Complete_Stem_Cell_Transcription_Factors","WT1-Complete_Stem_Cell_Transcription_Factors"
"119","chr3",147125072,147126441,4.6254,"ZIC1",7098,2697,4.6254,"transcription_start_site","+",147127180,147127180,-739,-1424,7545,"chr3:147127180-147127180",9900,"http://genome.ucsc.edu/cgi-bin/hgTracks?hgsid=149178979&clade=mammal&org=Human&db=hg19&position=chr3:147127180-147127180&pix=800&Submit=submit,ZNF201","Zic family member 1 (odd-paired homolog, Drosophila)","NM_003412","ZIC","Complete_Stem_Cell_Transcription_Factors","ZIC1-Complete_Stem_Cell_Transcription_Factors"
"120","chr14",20918364,20918807,3.1247,"APEX1",23180,8820,3.1247,"transcription_start_site","+",20923289,20923289,-4482,-4702,328,"chr14:20923289-20923289",9900,"APEX,http://genome.ucsc.edu/cgi-bin/hgTracks?hgsid=149178979&clade=mammal&org=Human&db=hg19&position=chr14:20923289-20923289&pix=800&Submit=submit,APE1,APX,APEN,REF1,HAP1","APEX nuclease (multifunctional DNA repair enzyme) 1","NM_080649","APE","Complete_Stress_&_Toxicity","APEX1-Complete_Stress_&_Toxicity"
"121","chr22",39911218,39912359,3.8061,"ATF4",35272,13287,3.8061,"transcription_start_site","+",39916568,39916568,-4209,-4780,468,"chr22:39916568-39916568",9900,"CREB2,TAXREB67,TXREB,http://genome.ucsc.edu/cgi-bin/hgTracks?hgsid=149178979&clade=mammal&org=Human&db=hg19&position=chr22:39916568-39916568&pix=800&Submit=submit","activating transcription factor 4 (tax-responsive enhancer element B67)","NM_001675","CREB-2","Complete_Stress_&_Toxicity","ATF4-Complete_Stress_&_Toxicity"
"122","chr17",41281798,41282243,2.3366,"BRCA1",28649,10790,2.3366,"transcription_start_site","-",41277340,41277340,-4458,-4684,672,"chr17:41277340-41277340",9900,"http://genome.ucsc.edu/cgi-bin/hgTracks?hgsid=149178979&clade=mammal&org=Human&db=hg19&position=chr17:41277340-41277340&pix=800&Submit=submit,BRCC1,RNF53,BROVCA1,IRIS,PSCP","breast cancer 1, early onset","NR_027676","BRCAI","Complete_Stress_&_Toxicity","BRCA1-Complete_Stress_&_Toxicity"
"123","chr11",66359273,66359916,3.0138,"CCS",19528,7478,3.0138,"transcription_start_site","+",66360689,66360689,-773,-1096,9973,"chr11:66360689-66360689",9900,"http://genome.ucsc.edu/cgi-bin/hgTracks?hgsid=149178979&clade=mammal&org=Human&db=hg19&position=chr11:66360689-66360689&pix=800&Submit=submit","copper chaperone for superoxide dismutase","NM_005125","MGC138260","Complete_Stress_&_Toxicity","CCS-Complete_Stress_&_Toxicity"
"124","chr15",75019237,75019704,2.453,"CYP1A1",25096,9507,2.453,"transcription_start_site","-",75017833,75017833,-1404,-1640,1543,"chr15:75017833-75017833",9900,"http://genome.ucsc.edu/cgi-bin/hgTracks?hgsid=149178979&clade=mammal&org=Human&db=hg19&position=chr15:75017833-75017833&pix=800&Submit=submit,CP11,P450DX,CYP1,AHRR,P1-450,P450-C","cytochrome P450, family 1, subfamily A, polypeptide 1","BC023019","AHH","Complete_Stress_&_Toxicity","CYP1A1-Complete_Stress_&_Toxicity"
"125","chr19",45925174,45926276,4.003,"ERCC1",32038,12067,4.003,"transcription_start_site","-",45926763,45926763,487,1036,2067,"chr19:45926763-45926763",9900,"UV20,http://genome.ucsc.edu/cgi-bin/hgTracks?hgsid=149178979&clade=mammal&org=Human&db=hg19&position=chr19:45926763-45926763&pix=800&Submit=submit","excision repair cross-complementing rodent repair deficiency, complementation group 1 (includes overlapping antisense sequence)","BC052813","COFS4","Complete_Stress_&_Toxicity","ERCC1-Complete_Stress_&_Toxicity"
"126","chr1",53069056,53070009,2.9684,"GPX7",1222,474,2.9684,"transcription_start_site","+",53068042,53068042,1014,1492,2882,"chr1:53068042-53068042",9900,"http://genome.ucsc.edu/cgi-bin/hgTracks?hgsid=149178979&clade=mammal&org=Human&db=hg19&position=chr1:53068042-53068042&pix=800&Submit=submit,NPGPx,GPX6,FLJ14777","glutathione peroxidase 7","NM_015696","CL683","Complete_Stress_&_Toxicity","GPX7-Complete_Stress_&_Toxicity"
"127","chr16",56618360,56619011,2.6567,"MT3",26529,10037,2.6567,"transcription_start_site","+",56623266,56623266,-4255,-4576,4504,"chr16:56623266-56623266",9900,"http://genome.ucsc.edu/cgi-bin/hgTracks?hgsid=149178979&clade=mammal&org=Human&db=hg19&position=chr16:56623266-56623266&pix=800&Submit=submit,GRIF,GIFB","metallothionein 3","NM_005954","GIF","Complete_Stress_&_Toxicity","MT3-Complete_Stress_&_Toxicity"
"128","chr11",64079898,64080829,3.4752,"PRDX5",19312,7409,3.4752,"transcription_start_site","+",64085559,64085559,-4730,-5200,25824,"chr11:64085559-64085559",9900,"PLP,MGC142285,B166,PRDX6,SBBI10,MGC142283,PRXV,http://genome.ucsc.edu/cgi-bin/hgTracks?hgsid=149178979&clade=mammal&org=Human&db=hg19&position=chr11:64085559-64085559&pix=800&Submit=submit,MGC117264,AOEB166,PMP20","peroxiredoxin 5","BC110983","ACR1","Complete_Stress_&_Toxicity","PRDX5-Complete_Stress_&_Toxicity"
"129","chr11",67154971,67155430,3.2377,"RAD9A",19584,7500,3.2377,"transcription_start_site","+",67159422,67159422,-3992,-4224,5883,"chr11:67159422-67159422",9900,"http://genome.ucsc.edu/cgi-bin/hgTracks?hgsid=149178979&clade=mammal&org=Human&db=hg19&position=chr11:67159422-67159422&pix=800&Submit=submit","RAD9 homolog A (S. pombe)","NM_004584","RAD9","Complete_Stress_&_Toxicity","RAD9A-Complete_Stress_&_Toxicity"
"130","chr17",38495372,38495935,3.4485,"RARA",28456,10731,3.4485,"transcription_start_site","+",38498341,38498341,-2406,-2684,5914,"chr17:38498341-38498341",9900,"RAR,http://genome.ucsc.edu/cgi-bin/hgTracks?hgsid=149178979&clade=mammal&org=Human&db=hg19&position=chr17:38498341-38498341&pix=800&Submit=submit","retinoic acid receptor, alpha","NM_001024809","NR1B1","Complete_Stress_&_Toxicity","RARA-Complete_Stress_&_Toxicity"
"131","chrX",53452881,53453135,3.1764,"SMC1A",36389,13656,3.1764,"transcription_start_site","-",53449618,53449618,-3263,-3392,8243,"chrX:53449618-53449618",9900,"DXS423E,SMC1alpha,SMC1L1,SB1.8,SMCB,SMC1,KIAA0178,DKFZp686L19178,MGC138332,http://genome.ucsc.edu/cgi-bin/hgTracks?hgsid=149178979&clade=mammal&org=Human&db=hg19&position=chrX:53449618-53449618&pix=800&Submit=submit","structural maintenance ofchromosomes 1A","NM_006306","CDLS2","Complete_Stress_&_Toxicity","SMC1A-Complete_Stress_&_Toxicity"
"132","chr17",7579687,7580262,2.7607,"TP53",27779,10468,2.7607,"transcription_start_site","-",7578811,7578811,-876,-1163,7157,"chr17:7578811-7578811",9900,"TRP53,p53,LFS1,http://genome.ucsc.edu/cgi-bin/hgTracks?hgsid=149178979&clade=mammal&org=Human&db=hg19&position=chr17:7578811-7578811&pix=800&Submit=submit","tumor protein p53","NM_001126117","FLJ92943","Complete_Stress_&_Toxicity","TP53-Complete_Stress_&_Toxicity"
"133","chr22",19918444,19919021,3.5885,"TXNRD2",34707,13084,3.5885,"transcription_start_site","-",19919951,19919951,930,1220,10587,"chr22:19919951-19919951",9900,"http://genome.ucsc.edu/cgi-bin/hgTracks?hgsid=149178979&clade=mammal&org=Human&db=hg19&position=chr22:19919951-19919951&pix=800&Submit=submit,TR-BETA,TRXR2,TR3,TR","thioredoxin reductase 2","BC117354","SELZ","Complete_Stress_&_Toxicity","TXNRD2-Complete_Stress_&_Toxicity"
"134","chr12",109530491,109530656,2.3572,"UNG",21991,8369,2.3572,"transcription_start_site","+",109535414,109535414,-4758,-4840,7374,"chr12:109535414-109535414",9900,"HIGM4,UNG15,http://genome.ucsc.edu/cgi-bin/hgTracks?hgsid=149178979&clade=mammal&org=Human&db=hg19&position=chr12:109535414-109535414&pix=800&Submit=submit,UNG2,UDG,DKFZp781L1143,UNG1","uracil-DNA glycosylase","NM_080911","DGU","Complete_Stress_&_Toxicity","UNG-Complete_Stress_&_Toxicity"
"135","chr9",35074897,35075252,3.4184,"VCP",15764,6060,3.4184,"transcription_start_site","-",35072546,35072546,-2351,-2528,7415,"chr9:35072546-35072546",9900,"MGC131997,http://genome.ucsc.edu/cgi-bin/hgTracks?hgsid=149178979&clade=mammal&org=Human&db=hg19&position=chr9:35072546-35072546&pix=800&Submit=submit,MGC148092,MGC8560,p97,TERA","valosin-containing protein","BC122550","IBMPFD","Complete_Stress_&_Toxicity","VCP-Complete_Stress_&_Toxicity"
"136","chr19",44082580,44082717,2.2124,"XRCC1",31927,12024,2.2124,"transcription_start_site","-",44079617,44079617,-2963,-3032,7515,"chr19:44079617-44079617",9900,"http://genome.ucsc.edu/cgi-bin/hgTracks?hgsid=149178979&clade=mammal&org=Human&db=hg19&position=chr19:44079617-44079617&pix=800&Submit=submit","X-ray repair complementing defective repair in Chinese hamster cells 1","BC023593","RCC","Complete_Stress_&_Toxicity","XRCC1-Complete_Stress_&_Toxicity"
"137","chr19",851590,851718,3.1,"ELANE",30423,11468,3.1,"transcription_start_site","+",852290,852290,-572,-636,1991,"chr19:852290-852290",9900,"HLE,GE,http://genome.ucsc.edu/cgi-bin/hgTracks?hgsid=149178979&clade=mammal&org=Human&db=hg19&position=chr19:852290-852290&pix=800&Submit=submit,PMN-E,SCN1,NE,HNE","elastase, neutrophil expressed","NM_001972","ELA2","Cytokine_Production","ELANE-Cytokine_Production"
"138","chr7",41741398,41741853,2.9829,"INHBA",12995,4953,2.9829,"transcription_start_site","-",41742675,41742675,822,1052,3624,"chr7:41742675-41742675",9900,"FRP,http://genome.ucsc.edu/cgi-bin/hgTracks?hgsid=149178979&clade=mammal&org=Human&db=hg19&position=chr7:41742675-41742675&pix=800&Submit=submit","inhibin, beta A","BC007858","EDF","Cytokine_Production","INHBA-Cytokine_Production"
"139","chr5",131827436,131827683,2.7285,"IRF1",9723,3744,2.7285,"transcription_start_site","-",131826434,131826434,-1002,-1128,3659,"chr5:131826434-131826434",9900,"http://genome.ucsc.edu/cgi-bin/hgTracks?hgsid=149178979&clade=mammal&org=Human&db=hg19&position=chr5:131826434-131826434&pix=800&Submit=submit,MAR","interferon regulatory factor 1","BC009483","IRF-1","Cytokine_Production","IRF1-Cytokine_Production"
"140","chr7",30516008,30517061,3.2627,"NOD1",12908,4921,3.2627,"transcription_start_site","-",30518308,30518308,1247,1774,10392,"chr7:30518308-30518308",9900,"NLRC1,http://genome.ucsc.edu/cgi-bin/hgTracks?hgsid=149178979&clade=mammal&org=Human&db=hg19&position=chr7:30518308-30518308&pix=800&Submit=submit,CLR7.1","nucleotide-binding oligomerization domain containing 1","BC040339","CARD4","Cytokine_Production","NOD1-Cytokine_Production"
"141","chr9",139787952,139788202,2.9801,"TRAF2",16923,6513,2.9801,"transcription_start_site","+",139793164,139793164,-4962,-5088,7186,"chr9:139793164-139793164",9900,"TRAP3,http://genome.ucsc.edu/cgi-bin/hgTracks?hgsid=149178979&clade=mammal&org=Human&db=hg19&position=chr9:139793164-139793164&pix=800&Submit=submit,TRAP","TNF receptor-associated factor 2","BC064662","MGC:45012","Cytokine_Production","TRAF2-Cytokine_Production"
"142","chr14",20918364,20918807,3.1247,"APEX1",23180,8820,3.1247,"transcription_start_site","+",20923289,20923289,-4482,-4702,328,"chr14:20923289-20923289",9900,"APEX,http://genome.ucsc.edu/cgi-bin/hgTracks?hgsid=149178979&clade=mammal&org=Human&db=hg19&position=chr14:20923289-20923289&pix=800&Submit=submit,APE1,APX,APEN,REF1,HAP1","APEX nuclease (multifunctional DNA repair enzyme) 1","NM_080649","APE","DNA_Repair","APEX1-DNA_Repair"
"143","chr17",41281798,41282243,2.3366,"BRCA1",28649,10790,2.3366,"transcription_start_site","-",41277340,41277340,-4458,-4684,672,"chr17:41277340-41277340",9900,"http://genome.ucsc.edu/cgi-bin/hgTracks?hgsid=149178979&clade=mammal&org=Human&db=hg19&position=chr17:41277340-41277340&pix=800&Submit=submit,BRCC1,RNF53,BROVCA1,IRIS,PSCP","breast cancer 1, early onset","NR_027676","BRCAI","DNA_Repair","BRCA1-DNA_Repair"
"144","chr11",61557954,61558413,3.4502,"FEN1",19157,7358,3.4502,"transcription_start_site","+",61560149,61560149,-1736,-1964,2237,"chr11:61560149-61560149",9900,"RAD2,MF1,http://genome.ucsc.edu/cgi-bin/hgTracks?hgsid=149178979&clade=mammal&org=Human&db=hg19&position=chr11:61560149-61560149&pix=800&Submit=submit","flap structure-specific endonuclease 1","NM_004111","FEN-1","DNA_Repair","FEN1-DNA_Repair"
"145","chr12",109530491,109530656,2.3572,"UNG",21991,8369,2.3572,"transcription_start_site","+",109535414,109535414,-4758,-4840,7374,"chr12:109535414-109535414",9900,"HIGM4,UNG15,http://genome.ucsc.edu/cgi-bin/hgTracks?hgsid=149178979&clade=mammal&org=Human&db=hg19&position=chr12:109535414-109535414&pix=800&Submit=submit,UNG2,UDG,DKFZp781L1143,UNG1","uracil-DNA glycosylase","NM_080911","DGU","DNA_Repair","UNG-DNA_Repair"
"146","chr19",44082580,44082717,2.2124,"XRCC1",31927,12024,2.2124,"transcription_start_site","-",44079617,44079617,-2963,-3032,7515,"chr19:44079617-44079617",9900,"http://genome.ucsc.edu/cgi-bin/hgTracks?hgsid=149178979&clade=mammal&org=Human&db=hg19&position=chr19:44079617-44079617&pix=800&Submit=submit","X-ray repair complementing defective repair in Chinese hamster cells 1","BC023593","RCC","DNA_Repair","XRCC1-DNA_Repair"
"147","chr16",3927872,3928652,2.7747,"CREBBP",25874,9780,2.7747,"transcription_start_site","-",3930121,3930121,1469,1859,1387,"chr16:3930121-3930121",9900,"http://genome.ucsc.edu/cgi-bin/hgTracks?hgsid=149178979&clade=mammal&org=Human&db=hg19&position=chr16:3930121-3930121&pix=800&Submit=submit,RSTS,KAT3A","CREB binding protein","NM_004380","CBP","Human_Notch_Signaling_Pathway","CREBBP-Human_Notch_Signaling_Pathway"
"148","chr4",1244380,1245433,2.9326,"CTBP1",7688,2926,2.9326,"transcription_start_site","-",1242781,1242781,-1599,-2125,1487,"chr4:1242781-1242781",9900,"MGC104684,http://genome.ucsc.edu/cgi-bin/hgTracks?hgsid=149178979&clade=mammal&org=Human&db=hg19&position=chr4:1242781-1242781&pix=800&Submit=submit","C-terminal binding protein 1","BC011655","BARS","Human_Notch_Signaling_Pathway","CTBP1-Human_Notch_Signaling_Pathway"
"149","chr17",37842062,37842191,2.5743,"ERBB2",28408,10715,2.5743,"transcription_start_site","+",37844392,37844392,-2201,-2264,2064,"chr17:37844392-37844392",9900,"NGL,NEU,http://genome.ucsc.edu/cgi-bin/hgTracks?hgsid=149178979&clade=mammal&org=Human&db=hg19&position=chr17:37844392-37844392&pix=800&Submit=submit,HER2,HER-2/neu,TKR1,HER-2","v-erb-b2 erythroblastic leukemia viral oncogene homolog 2, neuro/glioblastoma derived oncogene homolog (avian)","NM_001005862","CD340","Human_Notch_Signaling_Pathway","ERBB2-Human_Notch_Signaling_Pathway"
"150","chr3",193849095,193849334,2.7442,"HES1",7522,2858,2.7442,"transcription_start_site","+",193853933,193853933,-4599,-4720,3280,"chr3:193853933-193853933",9900,"http://genome.ucsc.edu/cgi-bin/hgTracks?hgsid=149178979&clade=mammal&org=Human&db=hg19&position=chr3:193853933-193853933&pix=800&Submit=submit,HRY,HHL,HES-1,bHLHb39","hairy and enhancer of split 1, (Drosophila)","NM_005524","FLJ20408","Human_Notch_Signaling_Pathway","HES1-Human_Notch_Signaling_Pathway"
"151","chr12",125020918,125021453,2.768,"NCOR2",22323,8484,2.768,"transcription_start_site","-",125020149,125020149,-769,-1032,9612,"chr12:125020149-125020149",9900,"TRAC-1,TRAC1,SMRTE-tau,TNRC14,SMRTE,http://genome.ucsc.edu/cgi-bin/hgTracks?hgsid=149178979&clade=mammal&org=Human&db=hg19&position=chr12:125020149-125020149&pix=800&Submit=submit,SMRT","nuclear receptor co-repressor 2","NM_006312","CTG26","Human_Notch_Signaling_Pathway","NCOR2-Human_Notch_Signaling_Pathway"
"152","chr19",41194707,41195256,2.9724,"NUMBL",31810,11986,2.9724,"transcription_start_site","-",41196388,41196388,1132,1404,9253,"chr19:41196388-41196388",9900,"NBL,http://genome.ucsc.edu/cgi-bin/hgTracks?hgsid=149178979&clade=mammal&org=Human&db=hg19&position=chr19:41196388-41196388&pix=800&Submit=submit,NUMB-R,NUMBLIKE,TNRC23,NUMBR,CTG3a","numb homolog (Drosophila)-like","BC167835","CAG3A","Human_Notch_Signaling_Pathway","NUMBL-Human_Notch_Signaling_Pathway"
"153","chr19",36233018,36233759,3.6083,"PSENEN",31470,11876,3.6083,"transcription_start_site","+",36236493,36236493,-2734,-3104,55851,"chr19:36236493-36236493",9900,"MSTP064,http://genome.ucsc.edu/cgi-bin/hgTracks?hgsid=149178979&clade=mammal&org=Human&db=hg19&position=chr19:36236493-36236493&pix=800&Submit=submit,PEN2,PEN-2","presenilin enhancer 2 homolog (C. elegans)","NM_172341","MDS033","Human_Notch_Signaling_Pathway","PSENEN-Human_Notch_Signaling_Pathway"
"154","chr15",73972174,73972625,2.2505,"CD276",25074,9498,2.2505,"transcription_start_site","+",73976621,73976621,-3996,-4224,80381,"chr15:73976621-73976621",9900,"B7H3,http://genome.ucsc.edu/cgi-bin/hgTracks?hgsid=149178979&clade=mammal&org=Human&db=hg19&position=chr15:73976621-73976621&pix=800&Submit=submit","CD276 molecule","NM_025240","B7-H3","Human_T-Cell_B-Cell_Activation_Methylation","CD276-Human_T-Cell_B-Cell_Activation_Methylation"
"155","chr16",11353996,11355235,2.5018,"SOCS1",25998,9823,2.5018,"transcription_start_site","-",11349335,11349335,-4661,-5281,8651,"chr16:11349335-11349335",9900,"http://genome.ucsc.edu/cgi-bin/hgTracks?hgsid=149178979&clade=mammal&org=Human&db=hg19&position=chr16:11349335-11349335&pix=800&Submit=submit,SOCS-1,CISH1,SSI1,TIP3,SSI-1,JAB","suppressor of cytokine signaling 1","BC153088","CIS1","Human_T-Cell_B-Cell_Activation_Methylation","SOCS1-Human_T-Cell_B-Cell_Activation_Methylation"
"156","chr3",27765082,27766243,4.1232,"EOMES",5989,2259,4.1232,"transcription_start_site","-",27763785,27763785,-1297,-1880,8320,"chr3:27763785-27763785",9900,"http://genome.ucsc.edu/cgi-bin/hgTracks?hgsid=149178979&clade=mammal&org=Human&db=hg19&position=chr3:27763785-27763785&pix=800&Submit=submit","eomesodermin homolog (Xenopus laevis)","NM_005442","TBR2","Human_T_Helper_Cell_Differentiation","EOMES-Human_T_Helper_Cell_Differentiation"
"157","chr9",102580286,102580540,2.5859,"NR4A3",16127,6229,2.5859,"transcription_start_site","+",102584136,102584136,-3596,-3720,8013,"chr9:102584136-102584136",9900,"MINOR,http://genome.ucsc.edu/cgi-bin/hgTracks?hgsid=149178979&clade=mammal&org=Human&db=hg19&position=chr9:102584136-102584136&pix=800&Submit=submit,CSMF,NOR1,TEC","nuclear receptor subfamily 4, group A, member 3","NM_006981","CHN","Human_T_Helper_Cell_Differentiation","NR4A3-Human_T_Helper_Cell_Differentiation"
"158","chr17",41281798,41282243,2.3366,"BRCA1",28649,10790,2.3366,"transcription_start_site","-",41277340,41277340,-4458,-4684,672,"chr17:41277340-41277340",9900,"http://genome.ucsc.edu/cgi-bin/hgTracks?hgsid=149178979&clade=mammal&org=Human&db=hg19&position=chr17:41277340-41277340&pix=800&Submit=submit,BRCC1,RNF53,BROVCA1,IRIS,PSCP","breast cancer 1, early onset","NR_027676","BRCAI","Human_Tumor_Suppressor_Genes","BRCA1-Human_Tumor_Suppressor_Genes"
"159","chr10",131263302,131263748,3.0736,"MGMT",18106,6982,3.0736,"transcription_start_site","+",131265453,131265453,-1705,-1936,4255,"chr10:131265453-131265453",9900,"http://genome.ucsc.edu/cgi-bin/hgTracks?hgsid=149178979&clade=mammal&org=Human&db=hg19&position=chr10:131265453-131265453&pix=800&Submit=submit","O-6-methylguanine-DNA methyltransferase","NM_002412","-","Human_Tumor_Suppressor_Genes","MGMT-Human_Tumor_Suppressor_Genes"
"160","chr5",134874385,134874615,3.2402,"NEUROG1",9772,3758,3.2402,"transcription_start_site","-",134871639,134871639,-2746,-2864,4762,"chr5:134871639-134871639",9900,"bHLHa6,NEUROD3,Math4C,ngn1,http://genome.ucsc.edu/cgi-bin/hgTracks?hgsid=149178979&clade=mammal&org=Human&db=hg19&position=chr5:134871639-134871639&pix=800&Submit=submit","neurogenin 1","NM_006161","AKA","Human_Tumor_Suppressor_Genes","NEUROG1-Human_Tumor_Suppressor_Genes"
"161","chr3",50376207,50376739,2.8309,"RASSF1",6359,2400,2.8309,"transcription_start_site","-",50374895,50374895,-1312,-1576,11186,"chr3:50374895-50374895",9900,"http://genome.ucsc.edu/cgi-bin/hgTracks?hgsid=149178979&clade=mammal&org=Human&db=hg19&position=chr3:50374895-50374895&pix=800&Submit=submit,NORE2A,REH3P21,RDA32,RASSF1A","Ras association (RalGDS/AF-6) domain family member 1","NM_170713","123F2","Human_Tumor_Suppressor_Genes","RASSF1-Human_Tumor_Suppressor_Genes"
"162","chr16",11353996,11355235,2.5018,"SOCS1",25998,9823,2.5018,"transcription_start_site","-",11349335,11349335,-4661,-5281,8651,"chr16:11349335-11349335",9900,"http://genome.ucsc.edu/cgi-bin/hgTracks?hgsid=149178979&clade=mammal&org=Human&db=hg19&position=chr16:11349335-11349335&pix=800&Submit=submit,SOCS-1,CISH1,SSI1,TIP3,SSI-1,JAB","suppressor of cytokine signaling 1","BC153088","CIS1","Human_Tumor_Suppressor_Genes","SOCS1-Human_Tumor_Suppressor_Genes"
"163","chr1",3562675,3564226,3.2637,"TP73",113,48,3.2637,"transcription_start_site","+",3569128,3569128,-4902,-5677,7161,"chr1:3569128-3569128",9900,"http://genome.ucsc.edu/cgi-bin/hgTracks?hgsid=149178979&clade=mammal&org=Human&db=hg19&position=chr1:3569128-3569128&pix=800&Submit=submit","tumor protein p73","NM_005427","P73","Human_Tumor_Suppressor_Genes","TP73-Human_Tumor_Suppressor_Genes"
"164","chr4",74865050,74865207,2.2726,"CXCL5",8240,3159,2.2726,"transcription_start_site","-",74864397,74864397,-653,-728,6374,"chr4:74864397-74864397",9900,"http://genome.ucsc.edu/cgi-bin/hgTracks?hgsid=149178979&clade=mammal&org=Human&db=hg19&position=chr4:74864397-74864397&pix=800&Submit=submit,SCYB5","chemokine (C-X-C motif) ligand 5","BC008376","ENA-78","Inflammatory_Response_&_Autoimmunity","CXCL5-Inflammatory_Response_&_Autoimmunity"
"165","chr22",17567374,17567946,2.8467,"IL17RA",34619,13050,2.8467,"transcription_start_site","+",17565904,17565904,1470,1756,23765,"chr22:17565904-17565904",9900,"IL17R,IL-17RA,http://genome.ucsc.edu/cgi-bin/hgTracks?hgsid=149178979&clade=mammal&org=Human&db=hg19&position=chr22:17565904-17565904&pix=800&Submit=submit,hIL-17R,MGC10262,CDw217","interleukin 17 receptor A","BC011624","CD217","Inflammatory_Response_&_Autoimmunity","IL17RA-Inflammatory_Response_&_Autoimmunity"
"166","chr16",27322574,27322703,2.5245,"IL4R",26172,9897,2.5245,"transcription_start_site","+",27325250,27325250,-2547,-2610,3566,"chr16:27325250-27325250",9900,"http://genome.ucsc.edu/cgi-bin/hgTracks?hgsid=149178979&clade=mammal&org=Human&db=hg19&position=chr16:27325250-27325250&pix=800&Submit=submit,IL4RA","interleukin 4 receptor","NM_000418","CD124","Inflammatory_Response_&_Autoimmunity","IL4R-Inflammatory_Response_&_Autoimmunity"
"167","chr5",55281595,55282365,2.7545,"IL6ST",9278,3574,2.7545,"transcription_start_site","-",55278641,55278641,-2954,-3340,3572,"chr5:55278641-55278641",9900,"CDw130,http://genome.ucsc.edu/cgi-bin/hgTracks?hgsid=149178979&clade=mammal&org=Human&db=hg19&position=chr5:55278641-55278641&pix=800&Submit=submit,IL6R-beta,GP130,GP130-RAPS","interleukin 6 signal transducer (gp130, oncostatin M receptor)","BC117402","CD130","Inflammatory_Response_&_Autoimmunity","IL6ST-Inflammatory_Response_&_Autoimmunity"
"168","chr2",26006126,26006501,2.1856,"ASXL2",3494,1322,2.1856,"transcription_start_site","-",26003178,26003178,-2948,-3134,55252,"chr2:26003178-26003178",9900,"FLJ10898,DKFZp686C1968,http://genome.ucsc.edu/cgi-bin/hgTracks?hgsid=149178979&clade=mammal&org=Human&db=hg19&position=chr2:26003178-26003178&pix=800&Submit=submit,KIAA1685","additional sex combs like 2 (Drosophila)","BC042999","ASXH2","Polycomb_&_Trithorax_Complexes","ASXL2-Polycomb_&_Trithorax_Complexes"
"169","chr17",77747690,77748340,3.0141,"CBX2",29545,11126,3.0141,"transcription_start_site","+",77751992,77751992,-3652,-3976,84733,"chr17:77751992-77751992",9900,"http://genome.ucsc.edu/cgi-bin/hgTracks?hgsid=149178979&clade=mammal&org=Human&db=hg19&position=chr17:77751992-77751992&pix=800&Submit=submit,M33,MGC10561","chromobox homolog 2 (Pc class homolog, Drosophila)","NM_032647","CDCA6","Polycomb_&_Trithorax_Complexes","CBX2-Polycomb_&_Trithorax_Complexes"
"170","chr10",126693088,126694531,2.8239,"CTBP2",18061,6962,2.8239,"transcription_start_site","-",126694582,126694582,51,776,1488,"chr10:126694582-126694582",9900,"http://genome.ucsc.edu/cgi-bin/hgTracks?hgsid=149178979&clade=mammal&org=Human&db=hg19&position=chr10:126694582-126694582&pix=800&Submit=submit","C-terminal binding protein 2","BC037900","-","Polycomb_&_Trithorax_Complexes","CTBP2-Polycomb_&_Trithorax_Complexes"
"171","chr2",74735318,74735856,2.4274,"PCGF1",4039,1517,2.4274,"transcription_start_site","-",74734786,74734786,-532,-800,84759,"chr2:74734786-74734786",9900,"RNF68,FLJ43754,RNF3A-2,http://genome.ucsc.edu/cgi-bin/hgTracks?hgsid=149178979&clade=mammal&org=Human&db=hg19&position=chr2:74734786-74734786&pix=800&Submit=submit,NSPC1,MGC10882","polycomb group ring finger 1","BC004952","2010002K04Rik","Polycomb_&_Trithorax_Complexes","PCGF1-Polycomb_&_Trithorax_Complexes"
"172","chr17",36894219,36895944,2.9501,"PCGF2",28382,10705,2.9501,"transcription_start_site","-",36896669,36896669,725,1588,7703,"chr17:36896669-36896669",9900,"http://genome.ucsc.edu/cgi-bin/hgTracks?hgsid=149178979&clade=mammal&org=Human&db=hg19&position=chr17:36896669-36896669&pix=800&Submit=submit,MGC10545,ZNF144,RNF110","polycomb group ring finger 2","BC004858","MEL-18","Polycomb_&_Trithorax_Complexes","PCGF2-Polycomb_&_Trithorax_Complexes"
"173","chr4",696226,696693,2.7284,"PCGF3",7668,2916,2.7284,"transcription_start_site","+",699572,699572,-2879,-3112,10336,"chr4:699572-699572",9900,"DONG1,RNF3,MGC129615,FLJ43813,FLJ36550,http://genome.ucsc.edu/cgi-bin/hgTracks?hgsid=149178979&clade=mammal&org=Human&db=hg19&position=chr4:699572-699572&pix=800&Submit=submit,MGC40413,RNF3A","polycomb group ring finger 3","NM_006315","DKFZp686D20235","Polycomb_&_Trithorax_Complexes","PCGF3-Polycomb_&_Trithorax_Complexes"
"174","chr6",33374496,33374826,2.7927,"PHF1",11223,4248,2.7927,"transcription_start_site","+",33378772,33378772,-3946,-4112,5252,"chr6:33378772-33378772",9900,"http://genome.ucsc.edu/cgi-bin/hgTracks?hgsid=149178979&clade=mammal&org=Human&db=hg19&position=chr6:33378772-33378772&pix=800&Submit=submit,PCL1,PHF2","PHD finger protein 1","NM_002636","MTF2L2","Polycomb_&_Trithorax_Complexes","PHF1-Polycomb_&_Trithorax_Complexes"
"175","chr9",123641351,123642284,4.2604,"PHF19",16307,6298,4.2604,"transcription_start_site","-",123637034,123637034,-4317,-4792,26147,"chr9:123637034-123637034",9900,"http://genome.ucsc.edu/cgi-bin/hgTracks?hgsid=149178979&clade=mammal&org=Human&db=hg19&position=chr9:123637034-123637034&pix=800&Submit=submit,PCL3,MGC23929,MGC149712,MTF2L1,MGC149713","PHD finger protein 19","BC125077","MGC131698","Polycomb_&_Trithorax_Complexes","PHF19-Polycomb_&_Trithorax_Complexes"
"176","chr2",182543429,182543897,3.8431,"NEUROD1",4945,1858,3.8431,"transcription_start_site","-",182545213,182545213,1316,1552,4760,"chr2:182545213-182545213",9900,"bHLHa3,NEUROD,http://genome.ucsc.edu/cgi-bin/hgTracks?hgsid=149178979&clade=mammal&org=Human&db=hg19&position=chr2:182545213-182545213&pix=800&Submit=submit,BHF-1","neurogenic differentiation 1","BC009046","BETA2","Stem_Cell_Transcription_Factors","NEUROD1-Stem_Cell_Transcription_Factors"
"177","chr21",34396563,34397311,2.5091,"OLIG2",34246,12897,2.5091,"transcription_start_site","+",34398238,34398238,-927,-1304,10215,"chr21:34398238-34398238",9900,"OLIGO2,http://genome.ucsc.edu/cgi-bin/hgTracks?hgsid=149178979&clade=mammal&org=Human&db=hg19&position=chr21:34398238-34398238&pix=800&Submit=submit,PRKCBP2,bHLHe19,RACK17","oligodendrocyte lineage transcription factor 2","NM_005806","BHLHB1","Stem_Cell_Transcription_Factors","OLIG2-Stem_Cell_Transcription_Factors"
"178","chr17",40541426,40542657,3.847,"STAT3",28582,10773,3.847,"transcription_start_site","-",40540405,40540405,-1021,-1636,6774,"chr17:40540405-40540405",9900,"FLJ20882,HIES,MGC16063,http://genome.ucsc.edu/cgi-bin/hgTracks?hgsid=149178979&clade=mammal&org=Human&db=hg19&position=chr17:40540405-40540405&pix=800&Submit=submit","signal transducer and activator of transcription 3 (acute-phase response factor)","NM_213662","APRF","Stem_Cell_Transcription_Factors","STAT3-Stem_Cell_Transcription_Factors"
"179","chr20",6747252,6747829,2.4371,"BMP2",33222,12494,2.4371,"transcription_start_site","+",6748744,6748744,-915,-1203,650,"chr20:6748744-6748744",9900,"http://genome.ucsc.edu/cgi-bin/hgTracks?hgsid=149178979&clade=mammal&org=Human&db=hg19&position=chr20:6748744-6748744&pix=800&Submit=submit","bone morphogenetic protein 2","NM_001200","BMP2A","TGF_f_BMP_Signaling_Pathway","BMP2-TGF_f_BMP_Signaling_Pathway"
"180","chr16",3927872,3928652,2.7747,"CREBBP",25874,9780,2.7747,"transcription_start_site","-",3930121,3930121,1469,1859,1387,"chr16:3930121-3930121",9900,"http://genome.ucsc.edu/cgi-bin/hgTracks?hgsid=149178979&clade=mammal&org=Human&db=hg19&position=chr16:3930121-3930121&pix=800&Submit=submit,RSTS,KAT3A","CREB binding protein","NM_004380","CBP","TGF_f_BMP_Signaling_Pathway","CREBBP-TGF_f_BMP_Signaling_Pathway"
"181","chr14",76446099,76447649,3.9304,"TGFB3",23860,9065,3.9304,"transcription_start_site","-",76447336,76447336,0,464,7043,"chr14:76447336-76447336",9900,"FLJ16571,http://genome.ucsc.edu/cgi-bin/hgTracks?hgsid=149178979&clade=mammal&org=Human&db=hg19&position=chr14:76447336-76447336&pix=800&Submit=submit,TGF-beta3","transforming growth factor, beta 3","BC018503","ARVD","TGF_f_BMP_Signaling_Pathway","TGFB3-TGF_f_BMP_Signaling_Pathway"
"182","chrX",153287162,153287315,2.2695,"IRAK1",37248,13938,2.2695,"transcription_start_site","-",153285327,153285327,-1835,-1904,3654,"chrX:153285327-153285327",9900,"http://genome.ucsc.edu/cgi-bin/hgTracks?hgsid=149178979&clade=mammal&org=Human&db=hg19&position=chrX:153285327-153285327&pix=800&Submit=submit,pelle","interleukin-1 receptor-associated kinase 1","BC014963","IRAK","Toll-Like_Receptor_Signaling_Pathway","IRAK1-Toll-Like_Receptor_Signaling_Pathway"
"183","chr5",131827436,131827683,2.7285,"IRF1",9723,3744,2.7285,"transcription_start_site","-",131826434,131826434,-1002,-1128,3659,"chr5:131826434-131826434",9900,"http://genome.ucsc.edu/cgi-bin/hgTracks?hgsid=149178979&clade=mammal&org=Human&db=hg19&position=chr5:131826434-131826434&pix=800&Submit=submit,MAR","interferon regulatory factor 1","BC009483","IRF-1","Toll-Like_Receptor_Signaling_Pathway","IRF1-Toll-Like_Receptor_Signaling_Pathway"
"184","chr1",223316922,223317269,2.4735,"TLR5",2983,1113,2.4735,"transcription_start_site","-",223316624,223316624,-298,-464,7100,"chr1:223316624-223316624",9900,"http://genome.ucsc.edu/cgi-bin/hgTracks?hgsid=149178979&clade=mammal&org=Human&db=hg19&position=chr1:223316624-223316624&pix=800&Submit=submit,TIL3,SLEB1,MGC126430,MGC126431","toll-like receptor 5","NM_003268","FLJ10052","Toll-Like_Receptor_Signaling_Pathway","TLR5-Toll-Like_Receptor_Signaling_Pathway"
"185","chr11",1331817,1332782,5.1889,"TOLLIP",18326,7049,5.1889,"transcription_start_site","-",1330809,1330809,-1008,-1490,54472,"chr11:1330809-1330809",9900,"http://genome.ucsc.edu/cgi-bin/hgTracks?hgsid=149178979&clade=mammal&org=Human&db=hg19&position=chr11:1330809-1330809&pix=800&Submit=submit,IL-1RAcPIP","toll interacting protein","BC018272","FLJ33531","Toll-Like_Receptor_Signaling_Pathway","TOLLIP-Toll-Like_Receptor_Signaling_Pathway"
"186","chr4",1244380,1245433,2.9326,"CTBP1",7688,2926,2.9326,"transcription_start_site","-",1242781,1242781,-1599,-2125,1487,"chr4:1242781-1242781",9900,"MGC104684,http://genome.ucsc.edu/cgi-bin/hgTracks?hgsid=149178979&clade=mammal&org=Human&db=hg19&position=chr4:1242781-1242781&pix=800&Submit=submit","C-terminal binding protein 1","BC011655","BARS","WNT_Signaling_Pathway","CTBP1-WNT_Signaling_Pathway"
"187","chr4",109087230,109087388,2.4559,"LEF1",8491,3250,2.4559,"transcription_start_site","-",109087953,109087953,565,640,51176,"chr4:109087953-109087953",9900,"http://genome.ucsc.edu/cgi-bin/hgTracks?hgsid=149178979&clade=mammal&org=Human&db=hg19&position=chr4:109087953-109087953&pix=800&Submit=submit,TCF1ALPHA,FLJ46390","lymphoid enhancer-binding factor 1","NM_001166119","DKFZp586H0919","WNT_Signaling_Pathway","LEF1-WNT_Signaling_Pathway"
"188","chr8",55369814,55370073,2.2079,"SOX17",14864,5690,2.2079,"transcription_start_site","+",55370494,55370494,-421,-552,64321,"chr8:55370494-55370494",9900,"http://genome.ucsc.edu/cgi-bin/hgTracks?hgsid=149178979&clade=mammal&org=Human&db=hg19&position=chr8:55370494-55370494&pix=800&Submit=submit","SRY (sex determining region Y)-box 17","NM_022454","FLJ22252","WNT_Signaling_Pathway","SOX17-WNT_Signaling_Pathway"
"189","chr3",55523178,55523937,3.8452,"WNT5A",6505,2445,3.8452,"transcription_start_site","-",55521331,55521331,-1847,-2224,7474,"chr3:55521331-55521331",9900,"http://genome.ucsc.edu/cgi-bin/hgTracks?hgsid=149178979&clade=mammal&org=Human&db=hg19&position=chr3:55521331-55521331&pix=800&Submit=submit","wingless-type MMTV integration site family, member 5A","NM_003392","hWNT5A","WNT_Signaling_Pathway","WNT5A-WNT_Signaling_Pathway"
